Plot,Ind.,pct_brown,dead_limbs,total_limbs,char_ht_cm,ht2_cm,tree_id,pct_dead_limbs,water_trt,veg_trt,alive,dead,survival,probe_ht,avg_max_temp,avg_s_abv_100,avg_heat_flux100,Treatment,avg_dry_wt,avg_fuel_moisture,avg_fuel_ht_cm,avg_litter_depth_cm,avg_flameht_cm
1,S,45,4,14,182,405,1,28.571428571428573,Drought,Invaded,1,0,1,50cm,372.5226666666667,86,20081.396666666667,DC,64.16333333333334,21.466089355373676,60.666666666666664,8.777777777777779,183.33333333333334
1,S,45,4,14,182,405,1,28.571428571428573,Drought,Invaded,1,0,1,25cm,494.4786666666667,105,26363.073333333334,DC,64.16333333333334,21.466089355373676,60.666666666666664,8.777777777777779,183.33333333333334
1,S,45,4,14,182,405,1,28.571428571428573,Drought,Invaded,1,0,1,0cm,395.9053333333333,118.5,31271.760000000002,DC,64.16333333333334,21.466089355373676,60.666666666666664,8.777777777777779,183.33333333333334
2,C,10,0,1,75,203,2,0,Ambient,Reference,1,0,1,50cm,224.014,52.666666666666664,8387.323333333334,AN,39.343333333333334,17.380083894494224,31.88888888888889,2.6666666666666665,56.166666666666664
2,C,10,0,1,75,203,2,0,Ambient,Reference,1,0,1,25cm,211.82533333333333,94.5,17117.690000000002,AN,39.343333333333334,17.380083894494224,31.88888888888889,2.6666666666666665,56.166666666666664
2,C,10,0,1,75,203,2,0,Ambient,Reference,1,0,1,0cm,450.4566666666667,88,23048.68666666667,AN,39.343333333333334,17.380083894494224,31.88888888888889,2.6666666666666665,56.166666666666664
2,D,10,1,5,122,389,3,20,Ambient,Reference,1,0,1,50cm,224.014,52.666666666666664,8387.323333333334,AN,39.343333333333334,17.380083894494224,31.88888888888889,2.6666666666666665,56.166666666666664
2,D,10,1,5,122,389,3,20,Ambient,Reference,1,0,1,25cm,211.82533333333333,94.5,17117.690000000002,AN,39.343333333333334,17.380083894494224,31.88888888888889,2.6666666666666665,56.166666666666664
2,D,10,1,5,122,389,3,20,Ambient,Reference,1,0,1,0cm,450.4566666666667,88,23048.68666666667,AN,39.343333333333334,17.380083894494224,31.88888888888889,2.6666666666666665,56.166666666666664
2,F,1,0,9,82,464,4,0,Ambient,Reference,1,0,1,50cm,224.014,52.666666666666664,8387.323333333334,AN,39.343333333333334,17.380083894494224,31.88888888888889,2.6666666666666665,56.166666666666664
2,F,1,0,9,82,464,4,0,Ambient,Reference,1,0,1,25cm,211.82533333333333,94.5,17117.690000000002,AN,39.343333333333334,17.380083894494224,31.88888888888889,2.6666666666666665,56.166666666666664
2,F,1,0,9,82,464,4,0,Ambient,Reference,1,0,1,0cm,450.4566666666667,88,23048.68666666667,AN,39.343333333333334,17.380083894494224,31.88888888888889,2.6666666666666665,56.166666666666664
2,G,1,2,19,77,467,5,10.526315789473685,Ambient,Reference,1,0,1,50cm,224.014,52.666666666666664,8387.323333333334,AN,39.343333333333334,17.380083894494224,31.88888888888889,2.6666666666666665,56.166666666666664
2,G,1,2,19,77,467,5,10.526315789473685,Ambient,Reference,1,0,1,25cm,211.82533333333333,94.5,17117.690000000002,AN,39.343333333333334,17.380083894494224,31.88888888888889,2.6666666666666665,56.166666666666664
2,G,1,2,19,77,467,5,10.526315789473685,Ambient,Reference,1,0,1,0cm,450.4566666666667,88,23048.68666666667,AN,39.343333333333334,17.380083894494224,31.88888888888889,2.6666666666666665,56.166666666666664
2,Q,1,1,18,58,510,6,5.555555555555555,Ambient,Reference,1,0,1,50cm,224.014,52.666666666666664,8387.323333333334,AN,39.343333333333334,17.380083894494224,31.88888888888889,2.6666666666666665,56.166666666666664
2,Q,1,1,18,58,510,6,5.555555555555555,Ambient,Reference,1,0,1,25cm,211.82533333333333,94.5,17117.690000000002,AN,39.343333333333334,17.380083894494224,31.88888888888889,2.6666666666666665,56.166666666666664
2,Q,1,1,18,58,510,6,5.555555555555555,Ambient,Reference,1,0,1,0cm,450.4566666666667,88,23048.68666666667,AN,39.343333333333334,17.380083894494224,31.88888888888889,2.6666666666666665,56.166666666666664
2,T,2,1,22,77,340,7,4.545454545454546,Ambient,Reference,1,0,1,50cm,224.014,52.666666666666664,8387.323333333334,AN,39.343333333333334,17.380083894494224,31.88888888888889,2.6666666666666665,56.166666666666664
2,T,2,1,22,77,340,7,4.545454545454546,Ambient,Reference,1,0,1,25cm,211.82533333333333,94.5,17117.690000000002,AN,39.343333333333334,17.380083894494224,31.88888888888889,2.6666666666666665,56.166666666666664
2,T,2,1,22,77,340,7,4.545454545454546,Ambient,Reference,1,0,1,0cm,450.4566666666667,88,23048.68666666667,AN,39.343333333333334,17.380083894494224,31.88888888888889,2.6666666666666665,56.166666666666664
3,C,1,3,23,98,450,8,13.043478260869565,Drought,Reference,1,0,1,50cm,285.216,55.333333333333336,11691.663333333334,DN,40.28333333333333,14.273240438676027,26,1.6111111111111112,58.166666666666664
3,C,1,3,23,98,450,8,13.043478260869565,Drought,Reference,1,0,1,25cm,409.6153333333333,98.33333333333333,24144.46,DN,40.28333333333333,14.273240438676027,26,1.6111111111111112,58.166666666666664
3,C,1,3,23,98,450,8,13.043478260869565,Drought,Reference,1,0,1,0cm,351.5946666666666,153.5,47372.925,DN,40.28333333333333,14.273240438676027,26,1.6111111111111112,58.166666666666664
3,E,15,8,16,127,385,9,50,Drought,Reference,1,0,1,50cm,285.216,55.333333333333336,11691.663333333334,DN,40.28333333333333,14.273240438676027,26,1.6111111111111112,58.166666666666664
3,E,15,8,16,127,385,9,50,Drought,Reference,1,0,1,25cm,409.6153333333333,98.33333333333333,24144.46,DN,40.28333333333333,14.273240438676027,26,1.6111111111111112,58.166666666666664
3,E,15,8,16,127,385,9,50,Drought,Reference,1,0,1,0cm,351.5946666666666,153.5,47372.925,DN,40.28333333333333,14.273240438676027,26,1.6111111111111112,58.166666666666664
3,G,20,1,17,12,351,10,5.882352941176471,Drought,Reference,1,0,1,50cm,285.216,55.333333333333336,11691.663333333334,DN,40.28333333333333,14.273240438676027,26,1.6111111111111112,58.166666666666664
3,G,20,1,17,12,351,10,5.882352941176471,Drought,Reference,1,0,1,25cm,409.6153333333333,98.33333333333333,24144.46,DN,40.28333333333333,14.273240438676027,26,1.6111111111111112,58.166666666666664
3,G,20,1,17,12,351,10,5.882352941176471,Drought,Reference,1,0,1,0cm,351.5946666666666,153.5,47372.925,DN,40.28333333333333,14.273240438676027,26,1.6111111111111112,58.166666666666664
5,A,0.5,0,12,67,354,11,0,Ambient,Reference,1,0,1,50cm,215.11933333333334,82.5,14306.99,AN,48.39,28.29540554634086,19.666666666666668,2.2222222222222223,21.5
5,A,0.5,0,12,67,354,11,0,Ambient,Reference,1,0,1,25cm,331.6326666666667,76.33333333333333,16489.82,AN,48.39,28.29540554634086,19.666666666666668,2.2222222222222223,21.5
5,A,0.5,0,12,67,354,11,0,Ambient,Reference,1,0,1,0cm,523.4906666666667,240.66666666666666,63434.30333333333,AN,48.39,28.29540554634086,19.666666666666668,2.2222222222222223,21.5
5,B,15,2,4,110,177,12,50,Ambient,Reference,1,0,1,50cm,215.11933333333334,82.5,14306.99,AN,48.39,28.29540554634086,19.666666666666668,2.2222222222222223,21.5
5,B,15,2,4,110,177,12,50,Ambient,Reference,1,0,1,25cm,331.6326666666667,76.33333333333333,16489.82,AN,48.39,28.29540554634086,19.666666666666668,2.2222222222222223,21.5
5,B,15,2,4,110,177,12,50,Ambient,Reference,1,0,1,0cm,523.4906666666667,240.66666666666666,63434.30333333333,AN,48.39,28.29540554634086,19.666666666666668,2.2222222222222223,21.5
5,O,0,0,13,50,458,13,0,Ambient,Reference,1,0,1,50cm,215.11933333333334,82.5,14306.99,AN,48.39,28.29540554634086,19.666666666666668,2.2222222222222223,21.5
5,O,0,0,13,50,458,13,0,Ambient,Reference,1,0,1,25cm,331.6326666666667,76.33333333333333,16489.82,AN,48.39,28.29540554634086,19.666666666666668,2.2222222222222223,21.5
5,O,0,0,13,50,458,13,0,Ambient,Reference,1,0,1,0cm,523.4906666666667,240.66666666666666,63434.30333333333,AN,48.39,28.29540554634086,19.666666666666668,2.2222222222222223,21.5
6,B,20,0,1,47,81,14,0,Drought,Reference,1,0,1,50cm,321.9233333333333,60.333333333333336,13864.643333333333,DN,46.39666666666667,28.136407147139053,20.444444444444443,2.7777777777777777,94.16666666666667
6,B,20,0,1,47,81,14,0,Drought,Reference,1,0,1,25cm,375.30333333333334,80.5,24357.705,DN,46.39666666666667,28.136407147139053,20.444444444444443,2.7777777777777777,94.16666666666667
6,B,20,0,1,47,81,14,0,Drought,Reference,1,0,1,0cm,511.0953333333333,94,25573.386666666665,DN,46.39666666666667,28.136407147139053,20.444444444444443,2.7777777777777777,94.16666666666667
6,G,20,1,4,146,291,15,25,Drought,Reference,1,0,1,50cm,321.9233333333333,60.333333333333336,13864.643333333333,DN,46.39666666666667,28.136407147139053,20.444444444444443,2.7777777777777777,94.16666666666667
6,G,20,1,4,146,291,15,25,Drought,Reference,1,0,1,25cm,375.30333333333334,80.5,24357.705,DN,46.39666666666667,28.136407147139053,20.444444444444443,2.7777777777777777,94.16666666666667
6,G,20,1,4,146,291,15,25,Drought,Reference,1,0,1,0cm,511.0953333333333,94,25573.386666666665,DN,46.39666666666667,28.136407147139053,20.444444444444443,2.7777777777777777,94.16666666666667
6,R,1,0,14,95,500,16,0,Drought,Reference,1,0,1,50cm,321.9233333333333,60.333333333333336,13864.643333333333,DN,46.39666666666667,28.136407147139053,20.444444444444443,2.7777777777777777,94.16666666666667
6,R,1,0,14,95,500,16,0,Drought,Reference,1,0,1,25cm,375.30333333333334,80.5,24357.705,DN,46.39666666666667,28.136407147139053,20.444444444444443,2.7777777777777777,94.16666666666667
6,R,1,0,14,95,500,16,0,Drought,Reference,1,0,1,0cm,511.0953333333333,94,25573.386666666665,DN,46.39666666666667,28.136407147139053,20.444444444444443,2.7777777777777777,94.16666666666667
7,B,1,1,17,121,564,17,5.882352941176471,Ambient,Invaded,1,0,1,50cm,378.348,92,19924.90666666667,AC,52.95,13.862508564135224,33.666666666666664,4.111111111111111,74.33333333333333
7,B,1,1,17,121,564,17,5.882352941176471,Ambient,Invaded,1,0,1,25cm,654.3593333333333,91.33333333333333,30930.366666666665,AC,52.95,13.862508564135224,33.666666666666664,4.111111111111111,74.33333333333333
7,B,1,1,17,121,564,17,5.882352941176471,Ambient,Invaded,1,0,1,0cm,536.22,123.33333333333333,32037.186666666665,AC,52.95,13.862508564135224,33.666666666666664,4.111111111111111,74.33333333333333
7,G,45,3,5,168,253,18,60,Ambient,Invaded,1,0,1,50cm,378.348,92,19924.90666666667,AC,52.95,13.862508564135224,33.666666666666664,4.111111111111111,74.33333333333333
7,G,45,3,5,168,253,18,60,Ambient,Invaded,1,0,1,25cm,654.3593333333333,91.33333333333333,30930.366666666665,AC,52.95,13.862508564135224,33.666666666666664,4.111111111111111,74.33333333333333
7,G,45,3,5,168,253,18,60,Ambient,Invaded,1,0,1,0cm,536.22,123.33333333333333,32037.186666666665,AC,52.95,13.862508564135224,33.666666666666664,4.111111111111111,74.33333333333333
7,M,5,1,8,162,360,19,12.5,Ambient,Invaded,1,0,1,50cm,378.348,92,19924.90666666667,AC,52.95,13.862508564135224,33.666666666666664,4.111111111111111,74.33333333333333
7,M,5,1,8,162,360,19,12.5,Ambient,Invaded,1,0,1,25cm,654.3593333333333,91.33333333333333,30930.366666666665,AC,52.95,13.862508564135224,33.666666666666664,4.111111111111111,74.33333333333333
7,M,5,1,8,162,360,19,12.5,Ambient,Invaded,1,0,1,0cm,536.22,123.33333333333333,32037.186666666665,AC,52.95,13.862508564135224,33.666666666666664,4.111111111111111,74.33333333333333
10,C,15,0,1,23,39,20,0,Ambient,Reference,1,0,1,50cm,123.09866666666667,32.5,3873.865,AN,34.07,16.384139466654254,20.22222222222222,1.1111111111111112,12.5
10,C,15,0,1,23,39,20,0,Ambient,Reference,1,0,1,25cm,129.64266666666668,101.5,13570.835,AN,34.07,16.384139466654254,20.22222222222222,1.1111111111111112,12.5
10,C,15,0,1,23,39,20,0,Ambient,Reference,1,0,1,0cm,304.8313333333333,120,25741.965,AN,34.07,16.384139466654254,20.22222222222222,1.1111111111111112,12.5
10,D,100,1,1,49,51,21,100,Ambient,Reference,0,1,0,50cm,123.09866666666667,32.5,3873.865,AN,34.07,16.384139466654254,20.22222222222222,1.1111111111111112,12.5
10,D,100,1,1,49,51,21,100,Ambient,Reference,0,1,0,25cm,129.64266666666668,101.5,13570.835,AN,34.07,16.384139466654254,20.22222222222222,1.1111111111111112,12.5
10,D,100,1,1,49,51,21,100,Ambient,Reference,0,1,0,0cm,304.8313333333333,120,25741.965,AN,34.07,16.384139466654254,20.22222222222222,1.1111111111111112,12.5
10,E,1,0,10,50,280,22,0,Ambient,Reference,1,0,1,50cm,123.09866666666667,32.5,3873.865,AN,34.07,16.384139466654254,20.22222222222222,1.1111111111111112,12.5
10,E,1,0,10,50,280,22,0,Ambient,Reference,1,0,1,25cm,129.64266666666668,101.5,13570.835,AN,34.07,16.384139466654254,20.22222222222222,1.1111111111111112,12.5
10,E,1,0,10,50,280,22,0,Ambient,Reference,1,0,1,0cm,304.8313333333333,120,25741.965,AN,34.07,16.384139466654254,20.22222222222222,1.1111111111111112,12.5
10,H,1,0,13,46,475,23,0,Ambient,Reference,1,0,1,50cm,123.09866666666667,32.5,3873.865,AN,34.07,16.384139466654254,20.22222222222222,1.1111111111111112,12.5
10,H,1,0,13,46,475,23,0,Ambient,Reference,1,0,1,25cm,129.64266666666668,101.5,13570.835,AN,34.07,16.384139466654254,20.22222222222222,1.1111111111111112,12.5
10,H,1,0,13,46,475,23,0,Ambient,Reference,1,0,1,0cm,304.8313333333333,120,25741.965,AN,34.07,16.384139466654254,20.22222222222222,1.1111111111111112,12.5
10,I,5,0,6,40,265,24,0,Ambient,Reference,1,0,1,50cm,123.09866666666667,32.5,3873.865,AN,34.07,16.384139466654254,20.22222222222222,1.1111111111111112,12.5
10,I,5,0,6,40,265,24,0,Ambient,Reference,1,0,1,25cm,129.64266666666668,101.5,13570.835,AN,34.07,16.384139466654254,20.22222222222222,1.1111111111111112,12.5
10,I,5,0,6,40,265,24,0,Ambient,Reference,1,0,1,0cm,304.8313333333333,120,25741.965,AN,34.07,16.384139466654254,20.22222222222222,1.1111111111111112,12.5
10,K,1,0,11,85,273,25,0,Ambient,Reference,1,0,1,50cm,123.09866666666667,32.5,3873.865,AN,34.07,16.384139466654254,20.22222222222222,1.1111111111111112,12.5
10,K,1,0,11,85,273,25,0,Ambient,Reference,1,0,1,25cm,129.64266666666668,101.5,13570.835,AN,34.07,16.384139466654254,20.22222222222222,1.1111111111111112,12.5
10,K,1,0,11,85,273,25,0,Ambient,Reference,1,0,1,0cm,304.8313333333333,120,25741.965,AN,34.07,16.384139466654254,20.22222222222222,1.1111111111111112,12.5
10,P,1,0,12,50,558,26,0,Ambient,Reference,1,0,1,50cm,123.09866666666667,32.5,3873.865,AN,34.07,16.384139466654254,20.22222222222222,1.1111111111111112,12.5
10,P,1,0,12,50,558,26,0,Ambient,Reference,1,0,1,25cm,129.64266666666668,101.5,13570.835,AN,34.07,16.384139466654254,20.22222222222222,1.1111111111111112,12.5
10,P,1,0,12,50,558,26,0,Ambient,Reference,1,0,1,0cm,304.8313333333333,120,25741.965,AN,34.07,16.384139466654254,20.22222222222222,1.1111111111111112,12.5
11,O,99,2,3,188,245,27,66.66666666666667,Drought,Invaded,1,0,1,50cm,521.1693333333334,82.66666666666667,26007.676666666666,DC,57.57333333333334,16.595440169961044,38,2.388888888888889,212.16666666666666
11,O,99,2,3,188,245,27,66.66666666666667,Drought,Invaded,1,0,1,25cm,282.45933333333335,161,51454.79,DC,57.57333333333334,16.595440169961044,38,2.388888888888889,212.16666666666666
11,O,99,2,3,188,245,27,66.66666666666667,Drought,Invaded,1,0,1,0cm,305.2273333333333,89,23718.850000000002,DC,57.57333333333334,16.595440169961044,38,2.388888888888889,212.16666666666666
12,E,98,6,6,157,220,28,100,Ambient,Invaded,0,1,0,50cm,350.6166666666667,90,19551.896666666667,AC,73.25999999999999,17.016272347746593,36.55555555555556,6.666666666666666,186
12,E,98,6,6,157,220,28,100,Ambient,Invaded,0,1,0,25cm,533.5833333333334,104.66666666666667,29716.93,AC,73.25999999999999,17.016272347746593,36.55555555555556,6.666666666666666,186
12,E,98,6,6,157,220,28,100,Ambient,Invaded,0,1,0,0cm,532.0306666666667,133.33333333333334,36890.81333333333,AC,73.25999999999999,17.016272347746593,36.55555555555556,6.666666666666666,186
14,B,99,11,11,230,350,29,100,Drought,Invaded,0,1,0,50cm,694.472,94.66666666666667,34980.799999999996,DC,118.24666666666667,15.161464269820764,50.666666666666664,4.5,207.83333333333334
14,B,99,11,11,230,350,29,100,Drought,Invaded,0,1,0,25cm,675.94,95,31835.663333333334,DC,118.24666666666667,15.161464269820764,50.666666666666664,4.5,207.83333333333334
14,B,99,11,11,230,350,29,100,Drought,Invaded,0,1,0,0cm,681.1213333333334,93.66666666666667,34884.630000000005,DC,118.24666666666667,15.161464269820764,50.666666666666664,4.5,207.83333333333334
14,D,99,5,5,330,426,30,100,Drought,Invaded,0,1,0,50cm,694.472,94.66666666666667,34980.799999999996,DC,118.24666666666667,15.161464269820764,50.666666666666664,4.5,207.83333333333334
14,D,99,5,5,330,426,30,100,Drought,Invaded,0,1,0,25cm,675.94,95,31835.663333333334,DC,118.24666666666667,15.161464269820764,50.666666666666664,4.5,207.83333333333334
14,D,99,5,5,330,426,30,100,Drought,Invaded,0,1,0,0cm,681.1213333333334,93.66666666666667,34884.630000000005,DC,118.24666666666667,15.161464269820764,50.666666666666664,4.5,207.83333333333334
14,E,75,7,10,312,454,31,70,Drought,Invaded,1,0,1,50cm,694.472,94.66666666666667,34980.799999999996,DC,118.24666666666667,15.161464269820764,50.666666666666664,4.5,207.83333333333334
14,E,75,7,10,312,454,31,70,Drought,Invaded,1,0,1,25cm,675.94,95,31835.663333333334,DC,118.24666666666667,15.161464269820764,50.666666666666664,4.5,207.83333333333334
14,E,75,7,10,312,454,31,70,Drought,Invaded,1,0,1,0cm,681.1213333333334,93.66666666666667,34884.630000000005,DC,118.24666666666667,15.161464269820764,50.666666666666664,4.5,207.83333333333334
14,K,98,1,1,78,78,32,100,Drought,Invaded,0,1,0,50cm,694.472,94.66666666666667,34980.799999999996,DC,118.24666666666667,15.161464269820764,50.666666666666664,4.5,207.83333333333334
14,K,98,1,1,78,78,32,100,Drought,Invaded,0,1,0,25cm,675.94,95,31835.663333333334,DC,118.24666666666667,15.161464269820764,50.666666666666664,4.5,207.83333333333334
14,K,98,1,1,78,78,32,100,Drought,Invaded,0,1,0,0cm,681.1213333333334,93.66666666666667,34884.630000000005,DC,118.24666666666667,15.161464269820764,50.666666666666664,4.5,207.83333333333334
14,T,95,4,4,160,202,33,100,Drought,Invaded,0,1,0,50cm,694.472,94.66666666666667,34980.799999999996,DC,118.24666666666667,15.161464269820764,50.666666666666664,4.5,207.83333333333334
14,T,95,4,4,160,202,33,100,Drought,Invaded,0,1,0,25cm,675.94,95,31835.663333333334,DC,118.24666666666667,15.161464269820764,50.666666666666664,4.5,207.83333333333334
14,T,95,4,4,160,202,33,100,Drought,Invaded,0,1,0,0cm,681.1213333333334,93.66666666666667,34884.630000000005,DC,118.24666666666667,15.161464269820764,50.666666666666664,4.5,207.83333333333334
15,F,5,0,3,41,118,34,0,Ambient,Reference,1,0,1,50cm,136.20466666666667,82,10580.96,AN,35.61,19.747297766152105,13,1.0555555555555556,18.666666666666668
15,F,5,0,3,41,118,34,0,Ambient,Reference,1,0,1,25cm,536.7513333333334,155.66666666666666,36527.183333333334,AN,35.61,19.747297766152105,13,1.0555555555555556,18.666666666666668
15,F,5,0,3,41,118,34,0,Ambient,Reference,1,0,1,0cm,410.4033333333333,177,46453.335,AN,35.61,19.747297766152105,13,1.0555555555555556,18.666666666666668
15,I,5,0,1,71,138,35,0,Ambient,Reference,1,0,1,50cm,136.20466666666667,82,10580.96,AN,35.61,19.747297766152105,13,1.0555555555555556,18.666666666666668
15,I,5,0,1,71,138,35,0,Ambient,Reference,1,0,1,25cm,536.7513333333334,155.66666666666666,36527.183333333334,AN,35.61,19.747297766152105,13,1.0555555555555556,18.666666666666668
15,I,5,0,1,71,138,35,0,Ambient,Reference,1,0,1,0cm,410.4033333333333,177,46453.335,AN,35.61,19.747297766152105,13,1.0555555555555556,18.666666666666668
15,O,97,2,2,92,129,36,100,Ambient,Reference,0,1,0,50cm,136.20466666666667,82,10580.96,AN,35.61,19.747297766152105,13,1.0555555555555556,18.666666666666668
15,O,97,2,2,92,129,36,100,Ambient,Reference,0,1,0,25cm,536.7513333333334,155.66666666666666,36527.183333333334,AN,35.61,19.747297766152105,13,1.0555555555555556,18.666666666666668
15,O,97,2,2,92,129,36,100,Ambient,Reference,0,1,0,0cm,410.4033333333333,177,46453.335,AN,35.61,19.747297766152105,13,1.0555555555555556,18.666666666666668
16,E,5,1,10,65,365,37,10,Drought,Reference,1,0,1,50cm,179.84866666666665,59,11155.09,DN,44.86666666666667,26.096900151559833,18.666666666666668,1,35
16,E,5,1,10,65,365,37,10,Drought,Reference,1,0,1,25cm,304.8686666666667,63,14348.543333333333,DN,44.86666666666667,26.096900151559833,18.666666666666668,1,35
16,E,5,1,10,65,365,37,10,Drought,Reference,1,0,1,0cm,455.3733333333333,115,35410.35,DN,44.86666666666667,26.096900151559833,18.666666666666668,1,35
17,A,15,1,11,65,445,38,9.090909090909092,Drought,Reference,1,0,1,50cm,347.9546666666667,95,18940.5,DN,57.00666666666667,12.295037002540003,10.11111111111111,5.444444444444445,68
17,A,15,1,11,65,445,38,9.090909090909092,Drought,Reference,1,0,1,25cm,584.3066666666667,105,32003.06333333333,DN,57.00666666666667,12.295037002540003,10.11111111111111,5.444444444444445,68
17,A,15,1,11,65,445,38,9.090909090909092,Drought,Reference,1,0,1,0cm,537.958,154.66666666666666,41153.596666666665,DN,57.00666666666667,12.295037002540003,10.11111111111111,5.444444444444445,68
17,B,10,1,12,144,605,39,8.333333333333334,Drought,Reference,1,0,1,50cm,347.9546666666667,95,18940.5,DN,57.00666666666667,12.295037002540003,10.11111111111111,5.444444444444445,68
17,B,10,1,12,144,605,39,8.333333333333334,Drought,Reference,1,0,1,25cm,584.3066666666667,105,32003.06333333333,DN,57.00666666666667,12.295037002540003,10.11111111111111,5.444444444444445,68
17,B,10,1,12,144,605,39,8.333333333333334,Drought,Reference,1,0,1,0cm,537.958,154.66666666666666,41153.596666666665,DN,57.00666666666667,12.295037002540003,10.11111111111111,5.444444444444445,68
17,D,10,0,10,115,496,40,0,Drought,Reference,1,0,1,50cm,347.9546666666667,95,18940.5,DN,57.00666666666667,12.295037002540003,10.11111111111111,5.444444444444445,68
17,D,10,0,10,115,496,40,0,Drought,Reference,1,0,1,25cm,584.3066666666667,105,32003.06333333333,DN,57.00666666666667,12.295037002540003,10.11111111111111,5.444444444444445,68
17,D,10,0,10,115,496,40,0,Drought,Reference,1,0,1,0cm,537.958,154.66666666666666,41153.596666666665,DN,57.00666666666667,12.295037002540003,10.11111111111111,5.444444444444445,68
17,F,20,8,12,233,439,41,66.66666666666667,Drought,Reference,1,0,1,50cm,347.9546666666667,95,18940.5,DN,57.00666666666667,12.295037002540003,10.11111111111111,5.444444444444445,68
17,F,20,8,12,233,439,41,66.66666666666667,Drought,Reference,1,0,1,25cm,584.3066666666667,105,32003.06333333333,DN,57.00666666666667,12.295037002540003,10.11111111111111,5.444444444444445,68
17,F,20,8,12,233,439,41,66.66666666666667,Drought,Reference,1,0,1,0cm,537.958,154.66666666666666,41153.596666666665,DN,57.00666666666667,12.295037002540003,10.11111111111111,5.444444444444445,68
17,J,15,4,10,154,436,42,40,Drought,Reference,1,0,1,50cm,347.9546666666667,95,18940.5,DN,57.00666666666667,12.295037002540003,10.11111111111111,5.444444444444445,68
17,J,15,4,10,154,436,42,40,Drought,Reference,1,0,1,25cm,584.3066666666667,105,32003.06333333333,DN,57.00666666666667,12.295037002540003,10.11111111111111,5.444444444444445,68
17,J,15,4,10,154,436,42,40,Drought,Reference,1,0,1,0cm,537.958,154.66666666666666,41153.596666666665,DN,57.00666666666667,12.295037002540003,10.11111111111111,5.444444444444445,68
17,M,10,7,25,173,630,43,28,Drought,Reference,1,0,1,50cm,347.9546666666667,95,18940.5,DN,57.00666666666667,12.295037002540003,10.11111111111111,5.444444444444445,68
17,M,10,7,25,173,630,43,28,Drought,Reference,1,0,1,25cm,584.3066666666667,105,32003.06333333333,DN,57.00666666666667,12.295037002540003,10.11111111111111,5.444444444444445,68
17,M,10,7,25,173,630,43,28,Drought,Reference,1,0,1,0cm,537.958,154.66666666666666,41153.596666666665,DN,57.00666666666667,12.295037002540003,10.11111111111111,5.444444444444445,68
17,P,15,3,10,108,434,44,30,Drought,Reference,1,0,1,50cm,347.9546666666667,95,18940.5,DN,57.00666666666667,12.295037002540003,10.11111111111111,5.444444444444445,68
17,P,15,3,10,108,434,44,30,Drought,Reference,1,0,1,25cm,584.3066666666667,105,32003.06333333333,DN,57.00666666666667,12.295037002540003,10.11111111111111,5.444444444444445,68
17,P,15,3,10,108,434,44,30,Drought,Reference,1,0,1,0cm,537.958,154.66666666666666,41153.596666666665,DN,57.00666666666667,12.295037002540003,10.11111111111111,5.444444444444445,68
17,Q,20,0,1,6,242,45,0,Drought,Reference,1,0,1,50cm,347.9546666666667,95,18940.5,DN,57.00666666666667,12.295037002540003,10.11111111111111,5.444444444444445,68
17,Q,20,0,1,6,242,45,0,Drought,Reference,1,0,1,25cm,584.3066666666667,105,32003.06333333333,DN,57.00666666666667,12.295037002540003,10.11111111111111,5.444444444444445,68
17,Q,20,0,1,6,242,45,0,Drought,Reference,1,0,1,0cm,537.958,154.66666666666666,41153.596666666665,DN,57.00666666666667,12.295037002540003,10.11111111111111,5.444444444444445,68
17,S,25,3,7,163,337,46,42.857142857142854,Drought,Reference,1,0,1,50cm,347.9546666666667,95,18940.5,DN,57.00666666666667,12.295037002540003,10.11111111111111,5.444444444444445,68
17,S,25,3,7,163,337,46,42.857142857142854,Drought,Reference,1,0,1,25cm,584.3066666666667,105,32003.06333333333,DN,57.00666666666667,12.295037002540003,10.11111111111111,5.444444444444445,68
17,S,25,3,7,163,337,46,42.857142857142854,Drought,Reference,1,0,1,0cm,537.958,154.66666666666666,41153.596666666665,DN,57.00666666666667,12.295037002540003,10.11111111111111,5.444444444444445,68
17,T,20,5,17,105,565,47,29.41176470588235,Drought,Reference,1,0,1,50cm,347.9546666666667,95,18940.5,DN,57.00666666666667,12.295037002540003,10.11111111111111,5.444444444444445,68
17,T,20,5,17,105,565,47,29.41176470588235,Drought,Reference,1,0,1,25cm,584.3066666666667,105,32003.06333333333,DN,57.00666666666667,12.295037002540003,10.11111111111111,5.444444444444445,68
17,T,20,5,17,105,565,47,29.41176470588235,Drought,Reference,1,0,1,0cm,537.958,154.66666666666666,41153.596666666665,DN,57.00666666666667,12.295037002540003,10.11111111111111,5.444444444444445,68
18,A,98,1,1,40,40,48,100,Ambient,Reference,0,1,0,50cm,299.204,71.66666666666667,13800.67,AN,44.64,23.54157488551165,13.11111111111111,3.4444444444444446,65.66666666666667
18,A,98,1,1,40,40,48,100,Ambient,Reference,0,1,0,25cm,344.17466666666667,85.33333333333333,18867.70333333333,AN,44.64,23.54157488551165,13.11111111111111,3.4444444444444446,65.66666666666667
18,A,98,1,1,40,40,48,100,Ambient,Reference,0,1,0,0cm,437.0666666666667,92,24491.613333333335,AN,44.64,23.54157488551165,13.11111111111111,3.4444444444444446,65.66666666666667
18,B,5,0,15,155,630,49,0,Ambient,Reference,1,0,1,50cm,299.204,71.66666666666667,13800.67,AN,44.64,23.54157488551165,13.11111111111111,3.4444444444444446,65.66666666666667
18,B,5,0,15,155,630,49,0,Ambient,Reference,1,0,1,25cm,344.17466666666667,85.33333333333333,18867.70333333333,AN,44.64,23.54157488551165,13.11111111111111,3.4444444444444446,65.66666666666667
18,B,5,0,15,155,630,49,0,Ambient,Reference,1,0,1,0cm,437.0666666666667,92,24491.613333333335,AN,44.64,23.54157488551165,13.11111111111111,3.4444444444444446,65.66666666666667
18,F,75,1,3,135,197,50,33.333333333333336,Ambient,Reference,1,0,1,50cm,299.204,71.66666666666667,13800.67,AN,44.64,23.54157488551165,13.11111111111111,3.4444444444444446,65.66666666666667
18,F,75,1,3,135,197,50,33.333333333333336,Ambient,Reference,1,0,1,25cm,344.17466666666667,85.33333333333333,18867.70333333333,AN,44.64,23.54157488551165,13.11111111111111,3.4444444444444446,65.66666666666667
18,F,75,1,3,135,197,50,33.333333333333336,Ambient,Reference,1,0,1,0cm,437.0666666666667,92,24491.613333333335,AN,44.64,23.54157488551165,13.11111111111111,3.4444444444444446,65.66666666666667
18,G,25,5,20,152,593,51,25,Ambient,Reference,1,0,1,50cm,299.204,71.66666666666667,13800.67,AN,44.64,23.54157488551165,13.11111111111111,3.4444444444444446,65.66666666666667
18,G,25,5,20,152,593,51,25,Ambient,Reference,1,0,1,25cm,344.17466666666667,85.33333333333333,18867.70333333333,AN,44.64,23.54157488551165,13.11111111111111,3.4444444444444446,65.66666666666667
18,G,25,5,20,152,593,51,25,Ambient,Reference,1,0,1,0cm,437.0666666666667,92,24491.613333333335,AN,44.64,23.54157488551165,13.11111111111111,3.4444444444444446,65.66666666666667
18,H,35,3,15,112,598,52,20,Ambient,Reference,1,0,1,50cm,299.204,71.66666666666667,13800.67,AN,44.64,23.54157488551165,13.11111111111111,3.4444444444444446,65.66666666666667
18,H,35,3,15,112,598,52,20,Ambient,Reference,1,0,1,25cm,344.17466666666667,85.33333333333333,18867.70333333333,AN,44.64,23.54157488551165,13.11111111111111,3.4444444444444446,65.66666666666667
18,H,35,3,15,112,598,52,20,Ambient,Reference,1,0,1,0cm,437.0666666666667,92,24491.613333333335,AN,44.64,23.54157488551165,13.11111111111111,3.4444444444444446,65.66666666666667
18,M,15,0,1,91,175,53,0,Ambient,Reference,1,0,1,50cm,299.204,71.66666666666667,13800.67,AN,44.64,23.54157488551165,13.11111111111111,3.4444444444444446,65.66666666666667
18,M,15,0,1,91,175,53,0,Ambient,Reference,1,0,1,25cm,344.17466666666667,85.33333333333333,18867.70333333333,AN,44.64,23.54157488551165,13.11111111111111,3.4444444444444446,65.66666666666667
18,M,15,0,1,91,175,53,0,Ambient,Reference,1,0,1,0cm,437.0666666666667,92,24491.613333333335,AN,44.64,23.54157488551165,13.11111111111111,3.4444444444444446,65.66666666666667
18,O,50,3,13,126,523,54,23.076923076923077,Ambient,Reference,1,0,1,50cm,299.204,71.66666666666667,13800.67,AN,44.64,23.54157488551165,13.11111111111111,3.4444444444444446,65.66666666666667
18,O,50,3,13,126,523,54,23.076923076923077,Ambient,Reference,1,0,1,25cm,344.17466666666667,85.33333333333333,18867.70333333333,AN,44.64,23.54157488551165,13.11111111111111,3.4444444444444446,65.66666666666667
18,O,50,3,13,126,523,54,23.076923076923077,Ambient,Reference,1,0,1,0cm,437.0666666666667,92,24491.613333333335,AN,44.64,23.54157488551165,13.11111111111111,3.4444444444444446,65.66666666666667
18,P,15,3,14,115,554,55,21.428571428571427,Ambient,Reference,1,0,1,50cm,299.204,71.66666666666667,13800.67,AN,44.64,23.54157488551165,13.11111111111111,3.4444444444444446,65.66666666666667
18,P,15,3,14,115,554,55,21.428571428571427,Ambient,Reference,1,0,1,25cm,344.17466666666667,85.33333333333333,18867.70333333333,AN,44.64,23.54157488551165,13.11111111111111,3.4444444444444446,65.66666666666667
18,P,15,3,14,115,554,55,21.428571428571427,Ambient,Reference,1,0,1,0cm,437.0666666666667,92,24491.613333333335,AN,44.64,23.54157488551165,13.11111111111111,3.4444444444444446,65.66666666666667
18,R,100,1,1,17,17,56,100,Ambient,Reference,0,1,0,50cm,299.204,71.66666666666667,13800.67,AN,44.64,23.54157488551165,13.11111111111111,3.4444444444444446,65.66666666666667
18,R,100,1,1,17,17,56,100,Ambient,Reference,0,1,0,25cm,344.17466666666667,85.33333333333333,18867.70333333333,AN,44.64,23.54157488551165,13.11111111111111,3.4444444444444446,65.66666666666667
18,R,100,1,1,17,17,56,100,Ambient,Reference,0,1,0,0cm,437.0666666666667,92,24491.613333333335,AN,44.64,23.54157488551165,13.11111111111111,3.4444444444444446,65.66666666666667
18,S,35,5,13,144,500,57,38.46153846153846,Ambient,Reference,1,0,1,50cm,299.204,71.66666666666667,13800.67,AN,44.64,23.54157488551165,13.11111111111111,3.4444444444444446,65.66666666666667
18,S,35,5,13,144,500,57,38.46153846153846,Ambient,Reference,1,0,1,25cm,344.17466666666667,85.33333333333333,18867.70333333333,AN,44.64,23.54157488551165,13.11111111111111,3.4444444444444446,65.66666666666667
18,S,35,5,13,144,500,57,38.46153846153846,Ambient,Reference,1,0,1,0cm,437.0666666666667,92,24491.613333333335,AN,44.64,23.54157488551165,13.11111111111111,3.4444444444444446,65.66666666666667
18,T,30,3,12,139,424,58,25,Ambient,Reference,1,0,1,50cm,299.204,71.66666666666667,13800.67,AN,44.64,23.54157488551165,13.11111111111111,3.4444444444444446,65.66666666666667
18,T,30,3,12,139,424,58,25,Ambient,Reference,1,0,1,25cm,344.17466666666667,85.33333333333333,18867.70333333333,AN,44.64,23.54157488551165,13.11111111111111,3.4444444444444446,65.66666666666667
18,T,30,3,12,139,424,58,25,Ambient,Reference,1,0,1,0cm,437.0666666666667,92,24491.613333333335,AN,44.64,23.54157488551165,13.11111111111111,3.4444444444444446,65.66666666666667
19,A,95,1,3,208,299,59,33.333333333333336,Drought,Invaded,1,0,1,50cm,660.8213333333333,116,37874.21,DC,65.80666666666667,18.27208244820558,41,4.111111111111111,155.16666666666666
19,A,95,1,3,208,299,59,33.333333333333336,Drought,Invaded,1,0,1,25cm,449.71999999999997,140.5,46368.65,DC,65.80666666666667,18.27208244820558,41,4.111111111111111,155.16666666666666
19,A,95,1,3,208,299,59,33.333333333333336,Drought,Invaded,1,0,1,0cm,382.56466666666665,62.333333333333336,18859.876666666667,DC,65.80666666666667,18.27208244820558,41,4.111111111111111,155.16666666666666
19,B,99,5,5,173,259,60,100,Drought,Invaded,0,1,0,50cm,660.8213333333333,116,37874.21,DC,65.80666666666667,18.27208244820558,41,4.111111111111111,155.16666666666666
19,B,99,5,5,173,259,60,100,Drought,Invaded,0,1,0,25cm,449.71999999999997,140.5,46368.65,DC,65.80666666666667,18.27208244820558,41,4.111111111111111,155.16666666666666
19,B,99,5,5,173,259,60,100,Drought,Invaded,0,1,0,0cm,382.56466666666665,62.333333333333336,18859.876666666667,DC,65.80666666666667,18.27208244820558,41,4.111111111111111,155.16666666666666
19,C,60,5,9,163,296,61,55.55555555555556,Drought,Invaded,1,0,1,50cm,660.8213333333333,116,37874.21,DC,65.80666666666667,18.27208244820558,41,4.111111111111111,155.16666666666666
19,C,60,5,9,163,296,61,55.55555555555556,Drought,Invaded,1,0,1,25cm,449.71999999999997,140.5,46368.65,DC,65.80666666666667,18.27208244820558,41,4.111111111111111,155.16666666666666
19,C,60,5,9,163,296,61,55.55555555555556,Drought,Invaded,1,0,1,0cm,382.56466666666665,62.333333333333336,18859.876666666667,DC,65.80666666666667,18.27208244820558,41,4.111111111111111,155.16666666666666
19,D,10,0,4,177,369,62,0,Drought,Invaded,1,0,1,50cm,660.8213333333333,116,37874.21,DC,65.80666666666667,18.27208244820558,41,4.111111111111111,155.16666666666666
19,D,10,0,4,177,369,62,0,Drought,Invaded,1,0,1,25cm,449.71999999999997,140.5,46368.65,DC,65.80666666666667,18.27208244820558,41,4.111111111111111,155.16666666666666
19,D,10,0,4,177,369,62,0,Drought,Invaded,1,0,1,0cm,382.56466666666665,62.333333333333336,18859.876666666667,DC,65.80666666666667,18.27208244820558,41,4.111111111111111,155.16666666666666
19,F,100,1,1,136,142,63,100,Drought,Invaded,0,1,0,50cm,660.8213333333333,116,37874.21,DC,65.80666666666667,18.27208244820558,41,4.111111111111111,155.16666666666666
19,F,100,1,1,136,142,63,100,Drought,Invaded,0,1,0,25cm,449.71999999999997,140.5,46368.65,DC,65.80666666666667,18.27208244820558,41,4.111111111111111,155.16666666666666
19,F,100,1,1,136,142,63,100,Drought,Invaded,0,1,0,0cm,382.56466666666665,62.333333333333336,18859.876666666667,DC,65.80666666666667,18.27208244820558,41,4.111111111111111,155.16666666666666
19,K,10,2,7,189,354,64,28.571428571428573,Drought,Invaded,1,0,1,50cm,660.8213333333333,116,37874.21,DC,65.80666666666667,18.27208244820558,41,4.111111111111111,155.16666666666666
19,K,10,2,7,189,354,64,28.571428571428573,Drought,Invaded,1,0,1,25cm,449.71999999999997,140.5,46368.65,DC,65.80666666666667,18.27208244820558,41,4.111111111111111,155.16666666666666
19,K,10,2,7,189,354,64,28.571428571428573,Drought,Invaded,1,0,1,0cm,382.56466666666665,62.333333333333336,18859.876666666667,DC,65.80666666666667,18.27208244820558,41,4.111111111111111,155.16666666666666
19,P,70,3,6,178,286,65,50,Drought,Invaded,1,0,1,50cm,660.8213333333333,116,37874.21,DC,65.80666666666667,18.27208244820558,41,4.111111111111111,155.16666666666666
19,P,70,3,6,178,286,65,50,Drought,Invaded,1,0,1,25cm,449.71999999999997,140.5,46368.65,DC,65.80666666666667,18.27208244820558,41,4.111111111111111,155.16666666666666
19,P,70,3,6,178,286,65,50,Drought,Invaded,1,0,1,0cm,382.56466666666665,62.333333333333336,18859.876666666667,DC,65.80666666666667,18.27208244820558,41,4.111111111111111,155.16666666666666
21,D,85,5,10,275,490,66,50,Ambient,Invaded,1,0,1,50cm,827.3666666666667,81.33333333333333,32880.14333333333,AC,84.04,13.364733031268205,44.111111111111114,2.3333333333333335,275.1666666666667
21,D,85,5,10,275,490,66,50,Ambient,Invaded,1,0,1,25cm,774.8546666666666,84.66666666666667,33888.31333333333,AC,84.04,13.364733031268205,44.111111111111114,2.3333333333333335,275.1666666666667
21,D,85,5,10,275,490,66,50,Ambient,Invaded,1,0,1,0cm,684.1093333333333,96.66666666666667,31278.486666666664,AC,84.04,13.364733031268205,44.111111111111114,2.3333333333333335,275.1666666666667
21,F,75,3,14,350,663,67,21.428571428571427,Ambient,Invaded,1,0,1,50cm,827.3666666666667,81.33333333333333,32880.14333333333,AC,84.04,13.364733031268205,44.111111111111114,2.3333333333333335,275.1666666666667
21,F,75,3,14,350,663,67,21.428571428571427,Ambient,Invaded,1,0,1,25cm,774.8546666666666,84.66666666666667,33888.31333333333,AC,84.04,13.364733031268205,44.111111111111114,2.3333333333333335,275.1666666666667
21,F,75,3,14,350,663,67,21.428571428571427,Ambient,Invaded,1,0,1,0cm,684.1093333333333,96.66666666666667,31278.486666666664,AC,84.04,13.364733031268205,44.111111111111114,2.3333333333333335,275.1666666666667
21,T,95,6,12,330,474,68,50,Ambient,Invaded,1,0,1,50cm,827.3666666666667,81.33333333333333,32880.14333333333,AC,84.04,13.364733031268205,44.111111111111114,2.3333333333333335,275.1666666666667
21,T,95,6,12,330,474,68,50,Ambient,Invaded,1,0,1,25cm,774.8546666666666,84.66666666666667,33888.31333333333,AC,84.04,13.364733031268205,44.111111111111114,2.3333333333333335,275.1666666666667
21,T,95,6,12,330,474,68,50,Ambient,Invaded,1,0,1,0cm,684.1093333333333,96.66666666666667,31278.486666666664,AC,84.04,13.364733031268205,44.111111111111114,2.3333333333333335,275.1666666666667
22,C,40,4,27,240,610,69,14.814814814814815,Drought,Invaded,1,0,1,50cm,687.6166666666667,108,33479.96333333333,DC,98.61333333333333,17.702659376779668,54.88888888888889,3,211.16666666666666
22,C,40,4,27,240,610,69,14.814814814814815,Drought,Invaded,1,0,1,25cm,809.6113333333333,99.33333333333333,34155.53333333333,DC,98.61333333333333,17.702659376779668,54.88888888888889,3,211.16666666666666
22,C,40,4,27,240,610,69,14.814814814814815,Drought,Invaded,1,0,1,0cm,761.9713333333333,111.33333333333333,34996.86,DC,98.61333333333333,17.702659376779668,54.88888888888889,3,211.16666666666666
22,F,100,1,1,82,82,70,100,Drought,Invaded,0,1,0,50cm,687.6166666666667,108,33479.96333333333,DC,98.61333333333333,17.702659376779668,54.88888888888889,3,211.16666666666666
22,F,100,1,1,82,82,70,100,Drought,Invaded,0,1,0,25cm,809.6113333333333,99.33333333333333,34155.53333333333,DC,98.61333333333333,17.702659376779668,54.88888888888889,3,211.16666666666666
22,F,100,1,1,82,82,70,100,Drought,Invaded,0,1,0,0cm,761.9713333333333,111.33333333333333,34996.86,DC,98.61333333333333,17.702659376779668,54.88888888888889,3,211.16666666666666
23,B,15,3,19,139,572,71,15.789473684210526,Ambient,Reference,1,0,1,50cm,230.032,86,14744.723333333333,AN,84.98333333333333,15.710992874659684,25.555555555555554,4.888888888888888,62.5
23,B,15,3,19,139,572,71,15.789473684210526,Ambient,Reference,1,0,1,25cm,546.1106666666667,110.33333333333333,36000.21333333333,AN,84.98333333333333,15.710992874659684,25.555555555555554,4.888888888888888,62.5
23,B,15,3,19,139,572,71,15.789473684210526,Ambient,Reference,1,0,1,0cm,522.09,108,37386.14333333333,AN,84.98333333333333,15.710992874659684,25.555555555555554,4.888888888888888,62.5
23,C,40,1,6,106,401,72,16.666666666666668,Ambient,Reference,1,0,1,50cm,230.032,86,14744.723333333333,AN,84.98333333333333,15.710992874659684,25.555555555555554,4.888888888888888,62.5
23,C,40,1,6,106,401,72,16.666666666666668,Ambient,Reference,1,0,1,25cm,546.1106666666667,110.33333333333333,36000.21333333333,AN,84.98333333333333,15.710992874659684,25.555555555555554,4.888888888888888,62.5
23,C,40,1,6,106,401,72,16.666666666666668,Ambient,Reference,1,0,1,0cm,522.09,108,37386.14333333333,AN,84.98333333333333,15.710992874659684,25.555555555555554,4.888888888888888,62.5
23,E,99,1,1,54,64,73,100,Ambient,Reference,0,1,0,50cm,230.032,86,14744.723333333333,AN,84.98333333333333,15.710992874659684,25.555555555555554,4.888888888888888,62.5
23,E,99,1,1,54,64,73,100,Ambient,Reference,0,1,0,25cm,546.1106666666667,110.33333333333333,36000.21333333333,AN,84.98333333333333,15.710992874659684,25.555555555555554,4.888888888888888,62.5
23,E,99,1,1,54,64,73,100,Ambient,Reference,0,1,0,0cm,522.09,108,37386.14333333333,AN,84.98333333333333,15.710992874659684,25.555555555555554,4.888888888888888,62.5
23,G,20,2,10,115,445,74,20,Ambient,Reference,1,0,1,50cm,230.032,86,14744.723333333333,AN,84.98333333333333,15.710992874659684,25.555555555555554,4.888888888888888,62.5
23,G,20,2,10,115,445,74,20,Ambient,Reference,1,0,1,25cm,546.1106666666667,110.33333333333333,36000.21333333333,AN,84.98333333333333,15.710992874659684,25.555555555555554,4.888888888888888,62.5
23,G,20,2,10,115,445,74,20,Ambient,Reference,1,0,1,0cm,522.09,108,37386.14333333333,AN,84.98333333333333,15.710992874659684,25.555555555555554,4.888888888888888,62.5
23,H,15,0,10,107,610,75,0,Ambient,Reference,1,0,1,50cm,230.032,86,14744.723333333333,AN,84.98333333333333,15.710992874659684,25.555555555555554,4.888888888888888,62.5
23,H,15,0,10,107,610,75,0,Ambient,Reference,1,0,1,25cm,546.1106666666667,110.33333333333333,36000.21333333333,AN,84.98333333333333,15.710992874659684,25.555555555555554,4.888888888888888,62.5
23,H,15,0,10,107,610,75,0,Ambient,Reference,1,0,1,0cm,522.09,108,37386.14333333333,AN,84.98333333333333,15.710992874659684,25.555555555555554,4.888888888888888,62.5
23,I,100,1,1,22,22,76,100,Ambient,Reference,0,1,0,50cm,230.032,86,14744.723333333333,AN,84.98333333333333,15.710992874659684,25.555555555555554,4.888888888888888,62.5
23,I,100,1,1,22,22,76,100,Ambient,Reference,0,1,0,25cm,546.1106666666667,110.33333333333333,36000.21333333333,AN,84.98333333333333,15.710992874659684,25.555555555555554,4.888888888888888,62.5
23,I,100,1,1,22,22,76,100,Ambient,Reference,0,1,0,0cm,522.09,108,37386.14333333333,AN,84.98333333333333,15.710992874659684,25.555555555555554,4.888888888888888,62.5
23,J,99,0,1,22,50,77,0,Ambient,Reference,1,0,1,50cm,230.032,86,14744.723333333333,AN,84.98333333333333,15.710992874659684,25.555555555555554,4.888888888888888,62.5
23,J,99,0,1,22,50,77,0,Ambient,Reference,1,0,1,25cm,546.1106666666667,110.33333333333333,36000.21333333333,AN,84.98333333333333,15.710992874659684,25.555555555555554,4.888888888888888,62.5
23,J,99,0,1,22,50,77,0,Ambient,Reference,1,0,1,0cm,522.09,108,37386.14333333333,AN,84.98333333333333,15.710992874659684,25.555555555555554,4.888888888888888,62.5
23,M,50,0,1,55,142,78,0,Ambient,Reference,1,0,1,50cm,230.032,86,14744.723333333333,AN,84.98333333333333,15.710992874659684,25.555555555555554,4.888888888888888,62.5
23,M,50,0,1,55,142,78,0,Ambient,Reference,1,0,1,25cm,546.1106666666667,110.33333333333333,36000.21333333333,AN,84.98333333333333,15.710992874659684,25.555555555555554,4.888888888888888,62.5
23,M,50,0,1,55,142,78,0,Ambient,Reference,1,0,1,0cm,522.09,108,37386.14333333333,AN,84.98333333333333,15.710992874659684,25.555555555555554,4.888888888888888,62.5
23,N,50,3,8,138,354,79,37.5,Ambient,Reference,1,0,1,50cm,230.032,86,14744.723333333333,AN,84.98333333333333,15.710992874659684,25.555555555555554,4.888888888888888,62.5
23,N,50,3,8,138,354,79,37.5,Ambient,Reference,1,0,1,25cm,546.1106666666667,110.33333333333333,36000.21333333333,AN,84.98333333333333,15.710992874659684,25.555555555555554,4.888888888888888,62.5
23,N,50,3,8,138,354,79,37.5,Ambient,Reference,1,0,1,0cm,522.09,108,37386.14333333333,AN,84.98333333333333,15.710992874659684,25.555555555555554,4.888888888888888,62.5
23,O,100,1,1,33,62,80,100,Ambient,Reference,0,1,0,50cm,230.032,86,14744.723333333333,AN,84.98333333333333,15.710992874659684,25.555555555555554,4.888888888888888,62.5
23,O,100,1,1,33,62,80,100,Ambient,Reference,0,1,0,25cm,546.1106666666667,110.33333333333333,36000.21333333333,AN,84.98333333333333,15.710992874659684,25.555555555555554,4.888888888888888,62.5
23,O,100,1,1,33,62,80,100,Ambient,Reference,0,1,0,0cm,522.09,108,37386.14333333333,AN,84.98333333333333,15.710992874659684,25.555555555555554,4.888888888888888,62.5
23,Q,50,0,1,18,61,81,0,Ambient,Reference,1,0,1,50cm,230.032,86,14744.723333333333,AN,84.98333333333333,15.710992874659684,25.555555555555554,4.888888888888888,62.5
23,Q,50,0,1,18,61,81,0,Ambient,Reference,1,0,1,25cm,546.1106666666667,110.33333333333333,36000.21333333333,AN,84.98333333333333,15.710992874659684,25.555555555555554,4.888888888888888,62.5
23,Q,50,0,1,18,61,81,0,Ambient,Reference,1,0,1,0cm,522.09,108,37386.14333333333,AN,84.98333333333333,15.710992874659684,25.555555555555554,4.888888888888888,62.5
23,R,95,0,1,14,20,82,0,Ambient,Reference,1,0,1,50cm,230.032,86,14744.723333333333,AN,84.98333333333333,15.710992874659684,25.555555555555554,4.888888888888888,62.5
23,R,95,0,1,14,20,82,0,Ambient,Reference,1,0,1,25cm,546.1106666666667,110.33333333333333,36000.21333333333,AN,84.98333333333333,15.710992874659684,25.555555555555554,4.888888888888888,62.5
23,R,95,0,1,14,20,82,0,Ambient,Reference,1,0,1,0cm,522.09,108,37386.14333333333,AN,84.98333333333333,15.710992874659684,25.555555555555554,4.888888888888888,62.5
23,T,70,0,1,18,71,83,0,Ambient,Reference,1,0,1,50cm,230.032,86,14744.723333333333,AN,84.98333333333333,15.710992874659684,25.555555555555554,4.888888888888888,62.5
23,T,70,0,1,18,71,83,0,Ambient,Reference,1,0,1,25cm,546.1106666666667,110.33333333333333,36000.21333333333,AN,84.98333333333333,15.710992874659684,25.555555555555554,4.888888888888888,62.5
23,T,70,0,1,18,71,83,0,Ambient,Reference,1,0,1,0cm,522.09,108,37386.14333333333,AN,84.98333333333333,15.710992874659684,25.555555555555554,4.888888888888888,62.5
25,A,25,5,24,286,512,84,20.833333333333332,Drought,Reference,1,0,1,50cm,335.41266666666667,106,23622.760000000002,DN,46.72666666666667,12.204761427107675,22.88888888888889,3,24.166666666666668
25,A,25,5,24,286,512,84,20.833333333333332,Drought,Reference,1,0,1,25cm,277.85133333333334,136.5,27648.665,DN,46.72666666666667,12.204761427107675,22.88888888888889,3,24.166666666666668
25,A,25,5,24,286,512,84,20.833333333333332,Drought,Reference,1,0,1,0cm,481.4373333333333,163,39507.73333333334,DN,46.72666666666667,12.204761427107675,22.88888888888889,3,24.166666666666668
25,C,30,2,10,82,449,85,20,Drought,Reference,1,0,1,50cm,335.41266666666667,106,23622.760000000002,DN,46.72666666666667,12.204761427107675,22.88888888888889,3,24.166666666666668
25,C,30,2,10,82,449,85,20,Drought,Reference,1,0,1,25cm,277.85133333333334,136.5,27648.665,DN,46.72666666666667,12.204761427107675,22.88888888888889,3,24.166666666666668
25,C,30,2,10,82,449,85,20,Drought,Reference,1,0,1,0cm,481.4373333333333,163,39507.73333333334,DN,46.72666666666667,12.204761427107675,22.88888888888889,3,24.166666666666668
25,E,10,1,5,58,279,86,20,Drought,Reference,1,0,1,50cm,335.41266666666667,106,23622.760000000002,DN,46.72666666666667,12.204761427107675,22.88888888888889,3,24.166666666666668
25,E,10,1,5,58,279,86,20,Drought,Reference,1,0,1,25cm,277.85133333333334,136.5,27648.665,DN,46.72666666666667,12.204761427107675,22.88888888888889,3,24.166666666666668
25,E,10,1,5,58,279,86,20,Drought,Reference,1,0,1,0cm,481.4373333333333,163,39507.73333333334,DN,46.72666666666667,12.204761427107675,22.88888888888889,3,24.166666666666668
25,F,70,0,1,57,136,87,0,Drought,Reference,1,0,1,50cm,335.41266666666667,106,23622.760000000002,DN,46.72666666666667,12.204761427107675,22.88888888888889,3,24.166666666666668
25,F,70,0,1,57,136,87,0,Drought,Reference,1,0,1,25cm,277.85133333333334,136.5,27648.665,DN,46.72666666666667,12.204761427107675,22.88888888888889,3,24.166666666666668
25,F,70,0,1,57,136,87,0,Drought,Reference,1,0,1,0cm,481.4373333333333,163,39507.73333333334,DN,46.72666666666667,12.204761427107675,22.88888888888889,3,24.166666666666668
25,G,10,2,23,82,547,88,8.695652173913043,Drought,Reference,1,0,1,50cm,335.41266666666667,106,23622.760000000002,DN,46.72666666666667,12.204761427107675,22.88888888888889,3,24.166666666666668
25,G,10,2,23,82,547,88,8.695652173913043,Drought,Reference,1,0,1,25cm,277.85133333333334,136.5,27648.665,DN,46.72666666666667,12.204761427107675,22.88888888888889,3,24.166666666666668
25,G,10,2,23,82,547,88,8.695652173913043,Drought,Reference,1,0,1,0cm,481.4373333333333,163,39507.73333333334,DN,46.72666666666667,12.204761427107675,22.88888888888889,3,24.166666666666668
25,I,1,0,1,72,194,89,0,Drought,Reference,1,0,1,50cm,335.41266666666667,106,23622.760000000002,DN,46.72666666666667,12.204761427107675,22.88888888888889,3,24.166666666666668
25,I,1,0,1,72,194,89,0,Drought,Reference,1,0,1,25cm,277.85133333333334,136.5,27648.665,DN,46.72666666666667,12.204761427107675,22.88888888888889,3,24.166666666666668
25,I,1,0,1,72,194,89,0,Drought,Reference,1,0,1,0cm,481.4373333333333,163,39507.73333333334,DN,46.72666666666667,12.204761427107675,22.88888888888889,3,24.166666666666668
25,L,15,3,20,110,491,90,15,Drought,Reference,1,0,1,50cm,335.41266666666667,106,23622.760000000002,DN,46.72666666666667,12.204761427107675,22.88888888888889,3,24.166666666666668
25,L,15,3,20,110,491,90,15,Drought,Reference,1,0,1,25cm,277.85133333333334,136.5,27648.665,DN,46.72666666666667,12.204761427107675,22.88888888888889,3,24.166666666666668
25,L,15,3,20,110,491,90,15,Drought,Reference,1,0,1,0cm,481.4373333333333,163,39507.73333333334,DN,46.72666666666667,12.204761427107675,22.88888888888889,3,24.166666666666668
25,M,5,0,4,65,304,91,0,Drought,Reference,1,0,1,50cm,335.41266666666667,106,23622.760000000002,DN,46.72666666666667,12.204761427107675,22.88888888888889,3,24.166666666666668
25,M,5,0,4,65,304,91,0,Drought,Reference,1,0,1,25cm,277.85133333333334,136.5,27648.665,DN,46.72666666666667,12.204761427107675,22.88888888888889,3,24.166666666666668
25,M,5,0,4,65,304,91,0,Drought,Reference,1,0,1,0cm,481.4373333333333,163,39507.73333333334,DN,46.72666666666667,12.204761427107675,22.88888888888889,3,24.166666666666668
25,P,60,0,1,50,88,92,0,Drought,Reference,1,0,1,50cm,335.41266666666667,106,23622.760000000002,DN,46.72666666666667,12.204761427107675,22.88888888888889,3,24.166666666666668
25,P,60,0,1,50,88,92,0,Drought,Reference,1,0,1,25cm,277.85133333333334,136.5,27648.665,DN,46.72666666666667,12.204761427107675,22.88888888888889,3,24.166666666666668
25,P,60,0,1,50,88,92,0,Drought,Reference,1,0,1,0cm,481.4373333333333,163,39507.73333333334,DN,46.72666666666667,12.204761427107675,22.88888888888889,3,24.166666666666668
25,Q,5,0,13,52,395,93,0,Drought,Reference,1,0,1,50cm,335.41266666666667,106,23622.760000000002,DN,46.72666666666667,12.204761427107675,22.88888888888889,3,24.166666666666668
25,Q,5,0,13,52,395,93,0,Drought,Reference,1,0,1,25cm,277.85133333333334,136.5,27648.665,DN,46.72666666666667,12.204761427107675,22.88888888888889,3,24.166666666666668
25,Q,5,0,13,52,395,93,0,Drought,Reference,1,0,1,0cm,481.4373333333333,163,39507.73333333334,DN,46.72666666666667,12.204761427107675,22.88888888888889,3,24.166666666666668
26,B,1,3,13,51,304,94,23.076923076923077,Ambient,Reference,1,0,1,50cm,180.47400000000002,47.333333333333336,6780.25,AN,26.669999999999998,39.21951938388072,31.22222222222222,1.8333333333333333,27.333333333333332
26,B,1,3,13,51,304,94,23.076923076923077,Ambient,Reference,1,0,1,25cm,283.5213333333333,69,13172.76,AN,26.669999999999998,39.21951938388072,31.22222222222222,1.8333333333333333,27.333333333333332
26,B,1,3,13,51,304,94,23.076923076923077,Ambient,Reference,1,0,1,0cm,442.038,89,23434.24,AN,26.669999999999998,39.21951938388072,31.22222222222222,1.8333333333333333,27.333333333333332
26,G,20,2,7,67,201,95,28.571428571428573,Ambient,Reference,1,0,1,50cm,180.47400000000002,47.333333333333336,6780.25,AN,26.669999999999998,39.21951938388072,31.22222222222222,1.8333333333333333,27.333333333333332
26,G,20,2,7,67,201,95,28.571428571428573,Ambient,Reference,1,0,1,25cm,283.5213333333333,69,13172.76,AN,26.669999999999998,39.21951938388072,31.22222222222222,1.8333333333333333,27.333333333333332
26,G,20,2,7,67,201,95,28.571428571428573,Ambient,Reference,1,0,1,0cm,442.038,89,23434.24,AN,26.669999999999998,39.21951938388072,31.22222222222222,1.8333333333333333,27.333333333333332
26,H,40,0,1,10,19,96,0,Ambient,Reference,1,0,1,50cm,180.47400000000002,47.333333333333336,6780.25,AN,26.669999999999998,39.21951938388072,31.22222222222222,1.8333333333333333,27.333333333333332
26,H,40,0,1,10,19,96,0,Ambient,Reference,1,0,1,25cm,283.5213333333333,69,13172.76,AN,26.669999999999998,39.21951938388072,31.22222222222222,1.8333333333333333,27.333333333333332
26,H,40,0,1,10,19,96,0,Ambient,Reference,1,0,1,0cm,442.038,89,23434.24,AN,26.669999999999998,39.21951938388072,31.22222222222222,1.8333333333333333,27.333333333333332
26,L,30,0,1,10,10,97,0,Ambient,Reference,1,0,1,50cm,180.47400000000002,47.333333333333336,6780.25,AN,26.669999999999998,39.21951938388072,31.22222222222222,1.8333333333333333,27.333333333333332
26,L,30,0,1,10,10,97,0,Ambient,Reference,1,0,1,25cm,283.5213333333333,69,13172.76,AN,26.669999999999998,39.21951938388072,31.22222222222222,1.8333333333333333,27.333333333333332
26,L,30,0,1,10,10,97,0,Ambient,Reference,1,0,1,0cm,442.038,89,23434.24,AN,26.669999999999998,39.21951938388072,31.22222222222222,1.8333333333333333,27.333333333333332
26,N,5,1,5,64,245,98,20,Ambient,Reference,1,0,1,50cm,180.47400000000002,47.333333333333336,6780.25,AN,26.669999999999998,39.21951938388072,31.22222222222222,1.8333333333333333,27.333333333333332
26,N,5,1,5,64,245,98,20,Ambient,Reference,1,0,1,25cm,283.5213333333333,69,13172.76,AN,26.669999999999998,39.21951938388072,31.22222222222222,1.8333333333333333,27.333333333333332
26,N,5,1,5,64,245,98,20,Ambient,Reference,1,0,1,0cm,442.038,89,23434.24,AN,26.669999999999998,39.21951938388072,31.22222222222222,1.8333333333333333,27.333333333333332
26,Q,50,0,1,70,93,99,0,Ambient,Reference,1,0,1,50cm,180.47400000000002,47.333333333333336,6780.25,AN,26.669999999999998,39.21951938388072,31.22222222222222,1.8333333333333333,27.333333333333332
26,Q,50,0,1,70,93,99,0,Ambient,Reference,1,0,1,25cm,283.5213333333333,69,13172.76,AN,26.669999999999998,39.21951938388072,31.22222222222222,1.8333333333333333,27.333333333333332
26,Q,50,0,1,70,93,99,0,Ambient,Reference,1,0,1,0cm,442.038,89,23434.24,AN,26.669999999999998,39.21951938388072,31.22222222222222,1.8333333333333333,27.333333333333332
26,R,3,0,10,74,399,100,0,Ambient,Reference,1,0,1,50cm,180.47400000000002,47.333333333333336,6780.25,AN,26.669999999999998,39.21951938388072,31.22222222222222,1.8333333333333333,27.333333333333332
26,R,3,0,10,74,399,100,0,Ambient,Reference,1,0,1,25cm,283.5213333333333,69,13172.76,AN,26.669999999999998,39.21951938388072,31.22222222222222,1.8333333333333333,27.333333333333332
26,R,3,0,10,74,399,100,0,Ambient,Reference,1,0,1,0cm,442.038,89,23434.24,AN,26.669999999999998,39.21951938388072,31.22222222222222,1.8333333333333333,27.333333333333332
26,S,2,2,15,49,426,101,13.333333333333334,Ambient,Reference,1,0,1,50cm,180.47400000000002,47.333333333333336,6780.25,AN,26.669999999999998,39.21951938388072,31.22222222222222,1.8333333333333333,27.333333333333332
26,S,2,2,15,49,426,101,13.333333333333334,Ambient,Reference,1,0,1,25cm,283.5213333333333,69,13172.76,AN,26.669999999999998,39.21951938388072,31.22222222222222,1.8333333333333333,27.333333333333332
26,S,2,2,15,49,426,101,13.333333333333334,Ambient,Reference,1,0,1,0cm,442.038,89,23434.24,AN,26.669999999999998,39.21951938388072,31.22222222222222,1.8333333333333333,27.333333333333332
28,B,45,2,11,165,314,102,18.181818181818183,Ambient,Invaded,1,0,1,50cm,460.5806666666667,96.33333333333333,22609.316666666666,AC,73.42333333333333,16.107304884382305,27.11111111111111,1.0555555555555556,155.33333333333334
28,B,45,2,11,165,314,102,18.181818181818183,Ambient,Invaded,1,0,1,25cm,588.6073333333334,99.66666666666667,26583.503333333334,AC,73.42333333333333,16.107304884382305,27.11111111111111,1.0555555555555556,155.33333333333334
28,B,45,2,11,165,314,102,18.181818181818183,Ambient,Invaded,1,0,1,0cm,595.1313333333334,87.33333333333333,27021.936666666665,AC,73.42333333333333,16.107304884382305,27.11111111111111,1.0555555555555556,155.33333333333334
29,B,40,1,19,427,635,103,5.2631578947368425,Ambient,Invaded,1,0,1,50cm,596.6746666666667,105.33333333333333,31351,AC,79.10333333333334,17.874109121814598,43.44444444444444,2.6666666666666665,198.16666666666666
29,B,40,1,19,427,635,103,5.2631578947368425,Ambient,Invaded,1,0,1,25cm,676.2786666666667,113,34712,AC,79.10333333333334,17.874109121814598,43.44444444444444,2.6666666666666665,198.16666666666666
29,B,40,1,19,427,635,103,5.2631578947368425,Ambient,Invaded,1,0,1,0cm,560.7626666666666,114.66666666666667,32909.03333333333,AC,79.10333333333334,17.874109121814598,43.44444444444444,2.6666666666666665,198.16666666666666
29,C,80,15,28,417,623,104,53.57142857142857,Ambient,Invaded,1,0,1,50cm,596.6746666666667,105.33333333333333,31351,AC,79.10333333333334,17.874109121814598,43.44444444444444,2.6666666666666665,198.16666666666666
29,C,80,15,28,417,623,104,53.57142857142857,Ambient,Invaded,1,0,1,25cm,676.2786666666667,113,34712,AC,79.10333333333334,17.874109121814598,43.44444444444444,2.6666666666666665,198.16666666666666
29,C,80,15,28,417,623,104,53.57142857142857,Ambient,Invaded,1,0,1,0cm,560.7626666666666,114.66666666666667,32909.03333333333,AC,79.10333333333334,17.874109121814598,43.44444444444444,2.6666666666666665,198.16666666666666
29,L,80,6,13,264,502,105,46.15384615384615,Ambient,Invaded,1,0,1,50cm,596.6746666666667,105.33333333333333,31351,AC,79.10333333333334,17.874109121814598,43.44444444444444,2.6666666666666665,198.16666666666666
29,L,80,6,13,264,502,105,46.15384615384615,Ambient,Invaded,1,0,1,25cm,676.2786666666667,113,34712,AC,79.10333333333334,17.874109121814598,43.44444444444444,2.6666666666666665,198.16666666666666
29,L,80,6,13,264,502,105,46.15384615384615,Ambient,Invaded,1,0,1,0cm,560.7626666666666,114.66666666666667,32909.03333333333,AC,79.10333333333334,17.874109121814598,43.44444444444444,2.6666666666666665,198.16666666666666
29,N,60,6,11,323,555,106,54.54545454545455,Ambient,Invaded,1,0,1,50cm,596.6746666666667,105.33333333333333,31351,AC,79.10333333333334,17.874109121814598,43.44444444444444,2.6666666666666665,198.16666666666666
29,N,60,6,11,323,555,106,54.54545454545455,Ambient,Invaded,1,0,1,25cm,676.2786666666667,113,34712,AC,79.10333333333334,17.874109121814598,43.44444444444444,2.6666666666666665,198.16666666666666
29,N,60,6,11,323,555,106,54.54545454545455,Ambient,Invaded,1,0,1,0cm,560.7626666666666,114.66666666666667,32909.03333333333,AC,79.10333333333334,17.874109121814598,43.44444444444444,2.6666666666666665,198.16666666666666
29,O,90,4,8,209,378,107,50,Ambient,Invaded,1,0,1,50cm,596.6746666666667,105.33333333333333,31351,AC,79.10333333333334,17.874109121814598,43.44444444444444,2.6666666666666665,198.16666666666666
29,O,90,4,8,209,378,107,50,Ambient,Invaded,1,0,1,25cm,676.2786666666667,113,34712,AC,79.10333333333334,17.874109121814598,43.44444444444444,2.6666666666666665,198.16666666666666
29,O,90,4,8,209,378,107,50,Ambient,Invaded,1,0,1,0cm,560.7626666666666,114.66666666666667,32909.03333333333,AC,79.10333333333334,17.874109121814598,43.44444444444444,2.6666666666666665,198.16666666666666
30,A,90,3,5,143,310,108,60,Drought,Invaded,1,0,1,50cm,504.06466666666665,138.33333333333334,34029.323333333334,DC,68.18666666666667,15.070758256353635,22.666666666666668,8.777777777777779,208.83333333333334
30,A,90,3,5,143,310,108,60,Drought,Invaded,1,0,1,25cm,678.2166666666667,157,47175.886666666665,DC,68.18666666666667,15.070758256353635,22.666666666666668,8.777777777777779,208.83333333333334
30,A,90,3,5,143,310,108,60,Drought,Invaded,1,0,1,0cm,728.8386666666667,205,62003.14333333333,DC,68.18666666666667,15.070758256353635,22.666666666666668,8.777777777777779,208.83333333333334
30,B,15,1,23,263,581,109,4.3478260869565215,Drought,Invaded,1,0,1,50cm,504.06466666666665,138.33333333333334,34029.323333333334,DC,68.18666666666667,15.070758256353635,22.666666666666668,8.777777777777779,208.83333333333334
30,B,15,1,23,263,581,109,4.3478260869565215,Drought,Invaded,1,0,1,25cm,678.2166666666667,157,47175.886666666665,DC,68.18666666666667,15.070758256353635,22.666666666666668,8.777777777777779,208.83333333333334
30,B,15,1,23,263,581,109,4.3478260869565215,Drought,Invaded,1,0,1,0cm,728.8386666666667,205,62003.14333333333,DC,68.18666666666667,15.070758256353635,22.666666666666668,8.777777777777779,208.83333333333334
30,C,95,7,9,212,259,110,77.77777777777777,Drought,Invaded,1,0,1,50cm,504.06466666666665,138.33333333333334,34029.323333333334,DC,68.18666666666667,15.070758256353635,22.666666666666668,8.777777777777779,208.83333333333334
30,C,95,7,9,212,259,110,77.77777777777777,Drought,Invaded,1,0,1,25cm,678.2166666666667,157,47175.886666666665,DC,68.18666666666667,15.070758256353635,22.666666666666668,8.777777777777779,208.83333333333334
30,C,95,7,9,212,259,110,77.77777777777777,Drought,Invaded,1,0,1,0cm,728.8386666666667,205,62003.14333333333,DC,68.18666666666667,15.070758256353635,22.666666666666668,8.777777777777779,208.83333333333334
30,D,85,5,15,219,393,111,33.333333333333336,Drought,Invaded,1,0,1,50cm,504.06466666666665,138.33333333333334,34029.323333333334,DC,68.18666666666667,15.070758256353635,22.666666666666668,8.777777777777779,208.83333333333334
30,D,85,5,15,219,393,111,33.333333333333336,Drought,Invaded,1,0,1,25cm,678.2166666666667,157,47175.886666666665,DC,68.18666666666667,15.070758256353635,22.666666666666668,8.777777777777779,208.83333333333334
30,D,85,5,15,219,393,111,33.333333333333336,Drought,Invaded,1,0,1,0cm,728.8386666666667,205,62003.14333333333,DC,68.18666666666667,15.070758256353635,22.666666666666668,8.777777777777779,208.83333333333334
30,E,100,2,2,148,174,112,100,Drought,Invaded,0,1,0,50cm,504.06466666666665,138.33333333333334,34029.323333333334,DC,68.18666666666667,15.070758256353635,22.666666666666668,8.777777777777779,208.83333333333334
30,E,100,2,2,148,174,112,100,Drought,Invaded,0,1,0,25cm,678.2166666666667,157,47175.886666666665,DC,68.18666666666667,15.070758256353635,22.666666666666668,8.777777777777779,208.83333333333334
30,E,100,2,2,148,174,112,100,Drought,Invaded,0,1,0,0cm,728.8386666666667,205,62003.14333333333,DC,68.18666666666667,15.070758256353635,22.666666666666668,8.777777777777779,208.83333333333334
30,J,80,9,25,220,654,113,36,Drought,Invaded,1,0,1,50cm,504.06466666666665,138.33333333333334,34029.323333333334,DC,68.18666666666667,15.070758256353635,22.666666666666668,8.777777777777779,208.83333333333334
30,J,80,9,25,220,654,113,36,Drought,Invaded,1,0,1,25cm,678.2166666666667,157,47175.886666666665,DC,68.18666666666667,15.070758256353635,22.666666666666668,8.777777777777779,208.83333333333334
30,J,80,9,25,220,654,113,36,Drought,Invaded,1,0,1,0cm,728.8386666666667,205,62003.14333333333,DC,68.18666666666667,15.070758256353635,22.666666666666668,8.777777777777779,208.83333333333334
30,K,60,4,11,182,521,114,36.36363636363637,Drought,Invaded,1,0,1,50cm,504.06466666666665,138.33333333333334,34029.323333333334,DC,68.18666666666667,15.070758256353635,22.666666666666668,8.777777777777779,208.83333333333334
30,K,60,4,11,182,521,114,36.36363636363637,Drought,Invaded,1,0,1,25cm,678.2166666666667,157,47175.886666666665,DC,68.18666666666667,15.070758256353635,22.666666666666668,8.777777777777779,208.83333333333334
30,K,60,4,11,182,521,114,36.36363636363637,Drought,Invaded,1,0,1,0cm,728.8386666666667,205,62003.14333333333,DC,68.18666666666667,15.070758256353635,22.666666666666668,8.777777777777779,208.83333333333334
30,L,40,4,11,198,434,115,36.36363636363637,Drought,Invaded,1,0,1,50cm,504.06466666666665,138.33333333333334,34029.323333333334,DC,68.18666666666667,15.070758256353635,22.666666666666668,8.777777777777779,208.83333333333334
30,L,40,4,11,198,434,115,36.36363636363637,Drought,Invaded,1,0,1,25cm,678.2166666666667,157,47175.886666666665,DC,68.18666666666667,15.070758256353635,22.666666666666668,8.777777777777779,208.83333333333334
30,L,40,4,11,198,434,115,36.36363636363637,Drought,Invaded,1,0,1,0cm,728.8386666666667,205,62003.14333333333,DC,68.18666666666667,15.070758256353635,22.666666666666668,8.777777777777779,208.83333333333334
30,P,90,4,4,100,243,116,100,Drought,Invaded,0,1,0,50cm,504.06466666666665,138.33333333333334,34029.323333333334,DC,68.18666666666667,15.070758256353635,22.666666666666668,8.777777777777779,208.83333333333334
30,P,90,4,4,100,243,116,100,Drought,Invaded,0,1,0,25cm,678.2166666666667,157,47175.886666666665,DC,68.18666666666667,15.070758256353635,22.666666666666668,8.777777777777779,208.83333333333334
30,P,90,4,4,100,243,116,100,Drought,Invaded,0,1,0,0cm,728.8386666666667,205,62003.14333333333,DC,68.18666666666667,15.070758256353635,22.666666666666668,8.777777777777779,208.83333333333334
30,S,70,8,14,227,486,117,57.142857142857146,Drought,Invaded,1,0,1,50cm,504.06466666666665,138.33333333333334,34029.323333333334,DC,68.18666666666667,15.070758256353635,22.666666666666668,8.777777777777779,208.83333333333334
30,S,70,8,14,227,486,117,57.142857142857146,Drought,Invaded,1,0,1,25cm,678.2166666666667,157,47175.886666666665,DC,68.18666666666667,15.070758256353635,22.666666666666668,8.777777777777779,208.83333333333334
30,S,70,8,14,227,486,117,57.142857142857146,Drought,Invaded,1,0,1,0cm,728.8386666666667,205,62003.14333333333,DC,68.18666666666667,15.070758256353635,22.666666666666668,8.777777777777779,208.83333333333334
31,A,30,4,6,65,180,118,66.66666666666667,Ambient,Reference,1,0,1,50cm,297.36333333333334,91.66666666666667,17223.226666666666,AN,47.66,18.614763948097075,26,2.6666666666666665,47.833333333333336
31,A,30,4,6,65,180,118,66.66666666666667,Ambient,Reference,1,0,1,25cm,467.13533333333334,80,20014.370000000003,AN,47.66,18.614763948097075,26,2.6666666666666665,47.833333333333336
31,A,30,4,6,65,180,118,66.66666666666667,Ambient,Reference,1,0,1,0cm,600.4200000000001,132,39742.65,AN,47.66,18.614763948097075,26,2.6666666666666665,47.833333333333336
31,B,15,1,14,74,145,119,7.142857142857143,Ambient,Reference,1,0,1,50cm,297.36333333333334,91.66666666666667,17223.226666666666,AN,47.66,18.614763948097075,26,2.6666666666666665,47.833333333333336
31,B,15,1,14,74,145,119,7.142857142857143,Ambient,Reference,1,0,1,25cm,467.13533333333334,80,20014.370000000003,AN,47.66,18.614763948097075,26,2.6666666666666665,47.833333333333336
31,B,15,1,14,74,145,119,7.142857142857143,Ambient,Reference,1,0,1,0cm,600.4200000000001,132,39742.65,AN,47.66,18.614763948097075,26,2.6666666666666665,47.833333333333336
31,C,10,1,18,93,464,120,5.555555555555555,Ambient,Reference,1,0,1,50cm,297.36333333333334,91.66666666666667,17223.226666666666,AN,47.66,18.614763948097075,26,2.6666666666666665,47.833333333333336
31,C,10,1,18,93,464,120,5.555555555555555,Ambient,Reference,1,0,1,25cm,467.13533333333334,80,20014.370000000003,AN,47.66,18.614763948097075,26,2.6666666666666665,47.833333333333336
31,C,10,1,18,93,464,120,5.555555555555555,Ambient,Reference,1,0,1,0cm,600.4200000000001,132,39742.65,AN,47.66,18.614763948097075,26,2.6666666666666665,47.833333333333336
31,R,15,2,11,96,350,121,18.181818181818183,Ambient,Reference,1,0,1,50cm,297.36333333333334,91.66666666666667,17223.226666666666,AN,47.66,18.614763948097075,26,2.6666666666666665,47.833333333333336
31,R,15,2,11,96,350,121,18.181818181818183,Ambient,Reference,1,0,1,25cm,467.13533333333334,80,20014.370000000003,AN,47.66,18.614763948097075,26,2.6666666666666665,47.833333333333336
31,R,15,2,11,96,350,121,18.181818181818183,Ambient,Reference,1,0,1,0cm,600.4200000000001,132,39742.65,AN,47.66,18.614763948097075,26,2.6666666666666665,47.833333333333336
32,R,75,0,2,42,119,122,0,Drought,Reference,1,0,1,50cm,105.114,18.5,2123.7799999999997,DN,31.37,28.03981149990255,54.333333333333336,0.7777777777777778,4.333333333333333
32,R,75,0,2,42,119,122,0,Drought,Reference,1,0,1,25cm,138.51733333333334,65.5,10507.925,DN,31.37,28.03981149990255,54.333333333333336,0.7777777777777778,4.333333333333333
32,R,75,0,2,42,119,122,0,Drought,Reference,1,0,1,0cm,316.47999999999996,73.33333333333333,15807.286666666665,DN,31.37,28.03981149990255,54.333333333333336,0.7777777777777778,4.333333333333333
33,L,95,4,4,170,336,123,100,Drought,Invaded,0,1,0,50cm,641.5573333333333,103.66666666666667,31802.373333333333,DC,62.07333333333333,27.11567467090602,60.55555555555556,1.1666666666666667,175.5
33,L,95,4,4,170,336,123,100,Drought,Invaded,0,1,0,25cm,721.2940000000001,87.5,33977.16,DC,62.07333333333333,27.11567467090602,60.55555555555556,1.1666666666666667,175.5
33,L,95,4,4,170,336,123,100,Drought,Invaded,0,1,0,0cm,738.2366666666667,109,39500.7,DC,62.07333333333333,27.11567467090602,60.55555555555556,1.1666666666666667,175.5
33,P,60,3,7,164,340,124,42.857142857142854,Drought,Invaded,1,0,1,50cm,641.5573333333333,103.66666666666667,31802.373333333333,DC,62.07333333333333,27.11567467090602,60.55555555555556,1.1666666666666667,175.5
33,P,60,3,7,164,340,124,42.857142857142854,Drought,Invaded,1,0,1,25cm,721.2940000000001,87.5,33977.16,DC,62.07333333333333,27.11567467090602,60.55555555555556,1.1666666666666667,175.5
33,P,60,3,7,164,340,124,42.857142857142854,Drought,Invaded,1,0,1,0cm,738.2366666666667,109,39500.7,DC,62.07333333333333,27.11567467090602,60.55555555555556,1.1666666666666667,175.5
33,Q,100,1,1,109,147,125,100,Drought,Invaded,0,1,0,50cm,641.5573333333333,103.66666666666667,31802.373333333333,DC,62.07333333333333,27.11567467090602,60.55555555555556,1.1666666666666667,175.5
33,Q,100,1,1,109,147,125,100,Drought,Invaded,0,1,0,25cm,721.2940000000001,87.5,33977.16,DC,62.07333333333333,27.11567467090602,60.55555555555556,1.1666666666666667,175.5
33,Q,100,1,1,109,147,125,100,Drought,Invaded,0,1,0,0cm,738.2366666666667,109,39500.7,DC,62.07333333333333,27.11567467090602,60.55555555555556,1.1666666666666667,175.5
33,T,100,1,1,62,62,126,100,Drought,Invaded,0,1,0,50cm,641.5573333333333,103.66666666666667,31802.373333333333,DC,62.07333333333333,27.11567467090602,60.55555555555556,1.1666666666666667,175.5
33,T,100,1,1,62,62,126,100,Drought,Invaded,0,1,0,25cm,721.2940000000001,87.5,33977.16,DC,62.07333333333333,27.11567467090602,60.55555555555556,1.1666666666666667,175.5
33,T,100,1,1,62,62,126,100,Drought,Invaded,0,1,0,0cm,738.2366666666667,109,39500.7,DC,62.07333333333333,27.11567467090602,60.55555555555556,1.1666666666666667,175.5
34,C,15,0,14,79,486,127,0,Ambient,Reference,1,0,1,50cm,182.17333333333335,66.33333333333333,12079.869999999999,AN,52.99333333333333,19.440944758704905,13.88888888888889,5.166666666666667,37.833333333333336
34,C,15,0,14,79,486,127,0,Ambient,Reference,1,0,1,25cm,170.978,97.5,12553.92,AN,52.99333333333333,19.440944758704905,13.88888888888889,5.166666666666667,37.833333333333336
34,C,15,0,14,79,486,127,0,Ambient,Reference,1,0,1,0cm,621.9933333333333,130.66666666666666,46149.58,AN,52.99333333333333,19.440944758704905,13.88888888888889,5.166666666666667,37.833333333333336
34,I,50,0,1,18,33,128,0,Ambient,Reference,1,0,1,50cm,182.17333333333335,66.33333333333333,12079.869999999999,AN,52.99333333333333,19.440944758704905,13.88888888888889,5.166666666666667,37.833333333333336
34,I,50,0,1,18,33,128,0,Ambient,Reference,1,0,1,25cm,170.978,97.5,12553.92,AN,52.99333333333333,19.440944758704905,13.88888888888889,5.166666666666667,37.833333333333336
34,I,50,0,1,18,33,128,0,Ambient,Reference,1,0,1,0cm,621.9933333333333,130.66666666666666,46149.58,AN,52.99333333333333,19.440944758704905,13.88888888888889,5.166666666666667,37.833333333333336
34,J,60,2,8,104,370,129,25,Ambient,Reference,1,0,1,50cm,182.17333333333335,66.33333333333333,12079.869999999999,AN,52.99333333333333,19.440944758704905,13.88888888888889,5.166666666666667,37.833333333333336
34,J,60,2,8,104,370,129,25,Ambient,Reference,1,0,1,25cm,170.978,97.5,12553.92,AN,52.99333333333333,19.440944758704905,13.88888888888889,5.166666666666667,37.833333333333336
34,J,60,2,8,104,370,129,25,Ambient,Reference,1,0,1,0cm,621.9933333333333,130.66666666666666,46149.58,AN,52.99333333333333,19.440944758704905,13.88888888888889,5.166666666666667,37.833333333333336
34,N,70,4,22,102,574,130,18.181818181818183,Ambient,Reference,1,0,1,50cm,182.17333333333335,66.33333333333333,12079.869999999999,AN,52.99333333333333,19.440944758704905,13.88888888888889,5.166666666666667,37.833333333333336
34,N,70,4,22,102,574,130,18.181818181818183,Ambient,Reference,1,0,1,25cm,170.978,97.5,12553.92,AN,52.99333333333333,19.440944758704905,13.88888888888889,5.166666666666667,37.833333333333336
34,N,70,4,22,102,574,130,18.181818181818183,Ambient,Reference,1,0,1,0cm,621.9933333333333,130.66666666666666,46149.58,AN,52.99333333333333,19.440944758704905,13.88888888888889,5.166666666666667,37.833333333333336
34,O,90,0,1,120,177,131,0,Ambient,Reference,1,0,1,50cm,182.17333333333335,66.33333333333333,12079.869999999999,AN,52.99333333333333,19.440944758704905,13.88888888888889,5.166666666666667,37.833333333333336
34,O,90,0,1,120,177,131,0,Ambient,Reference,1,0,1,25cm,170.978,97.5,12553.92,AN,52.99333333333333,19.440944758704905,13.88888888888889,5.166666666666667,37.833333333333336
34,O,90,0,1,120,177,131,0,Ambient,Reference,1,0,1,0cm,621.9933333333333,130.66666666666666,46149.58,AN,52.99333333333333,19.440944758704905,13.88888888888889,5.166666666666667,37.833333333333336
34,P,20,1,13,115,494,132,7.6923076923076925,Ambient,Reference,1,0,1,50cm,182.17333333333335,66.33333333333333,12079.869999999999,AN,52.99333333333333,19.440944758704905,13.88888888888889,5.166666666666667,37.833333333333336
34,P,20,1,13,115,494,132,7.6923076923076925,Ambient,Reference,1,0,1,25cm,170.978,97.5,12553.92,AN,52.99333333333333,19.440944758704905,13.88888888888889,5.166666666666667,37.833333333333336
34,P,20,1,13,115,494,132,7.6923076923076925,Ambient,Reference,1,0,1,0cm,621.9933333333333,130.66666666666666,46149.58,AN,52.99333333333333,19.440944758704905,13.88888888888889,5.166666666666667,37.833333333333336
34,Q,50,3,19,99,568,133,15.789473684210526,Ambient,Reference,1,0,1,50cm,182.17333333333335,66.33333333333333,12079.869999999999,AN,52.99333333333333,19.440944758704905,13.88888888888889,5.166666666666667,37.833333333333336
34,Q,50,3,19,99,568,133,15.789473684210526,Ambient,Reference,1,0,1,25cm,170.978,97.5,12553.92,AN,52.99333333333333,19.440944758704905,13.88888888888889,5.166666666666667,37.833333333333336
34,Q,50,3,19,99,568,133,15.789473684210526,Ambient,Reference,1,0,1,0cm,621.9933333333333,130.66666666666666,46149.58,AN,52.99333333333333,19.440944758704905,13.88888888888889,5.166666666666667,37.833333333333336
34,S,30,3,21,110,539,134,14.285714285714286,Ambient,Reference,1,0,1,50cm,182.17333333333335,66.33333333333333,12079.869999999999,AN,52.99333333333333,19.440944758704905,13.88888888888889,5.166666666666667,37.833333333333336
34,S,30,3,21,110,539,134,14.285714285714286,Ambient,Reference,1,0,1,25cm,170.978,97.5,12553.92,AN,52.99333333333333,19.440944758704905,13.88888888888889,5.166666666666667,37.833333333333336
34,S,30,3,21,110,539,134,14.285714285714286,Ambient,Reference,1,0,1,0cm,621.9933333333333,130.66666666666666,46149.58,AN,52.99333333333333,19.440944758704905,13.88888888888889,5.166666666666667,37.833333333333336
34,T,30,3,14,105,498,135,21.428571428571427,Ambient,Reference,1,0,1,50cm,182.17333333333335,66.33333333333333,12079.869999999999,AN,52.99333333333333,19.440944758704905,13.88888888888889,5.166666666666667,37.833333333333336
34,T,30,3,14,105,498,135,21.428571428571427,Ambient,Reference,1,0,1,25cm,170.978,97.5,12553.92,AN,52.99333333333333,19.440944758704905,13.88888888888889,5.166666666666667,37.833333333333336
34,T,30,3,14,105,498,135,21.428571428571427,Ambient,Reference,1,0,1,0cm,621.9933333333333,130.66666666666666,46149.58,AN,52.99333333333333,19.440944758704905,13.88888888888889,5.166666666666667,37.833333333333336
35,S,75,8,15,143,277,136,53.333333333333336,Drought,Reference,1,0,1,50cm,355.93066666666664,74.66666666666667,15731.573333333334,DN,88.24,15.367669922466675,31,1.1111111111111112,106.33333333333333
35,S,75,8,15,143,277,136,53.333333333333336,Drought,Reference,1,0,1,25cm,433.616,82,19833.89,DN,88.24,15.367669922466675,31,1.1111111111111112,106.33333333333333
35,S,75,8,15,143,277,136,53.333333333333336,Drought,Reference,1,0,1,0cm,629.024,97.66666666666667,33149.35333333333,DN,88.24,15.367669922466675,31,1.1111111111111112,106.33333333333333
37,A,50,0,6,95,416,137,0,Ambient,Reference,1,0,1,50cm,256.3593333333333,101.33333333333333,16730.146666666667,AN,43.71333333333333,20.929932408641097,25.22222222222222,6,60.333333333333336
37,A,50,0,6,95,416,137,0,Ambient,Reference,1,0,1,25cm,328.192,115.5,22037.765,AN,43.71333333333333,20.929932408641097,25.22222222222222,6,60.333333333333336
37,A,50,0,6,95,416,137,0,Ambient,Reference,1,0,1,0cm,426.06333333333333,88.66666666666667,19528.376666666667,AN,43.71333333333333,20.929932408641097,25.22222222222222,6,60.333333333333336
37,B,80,2,3,133,405,138,66.66666666666667,Ambient,Reference,1,0,1,50cm,256.3593333333333,101.33333333333333,16730.146666666667,AN,43.71333333333333,20.929932408641097,25.22222222222222,6,60.333333333333336
37,B,80,2,3,133,405,138,66.66666666666667,Ambient,Reference,1,0,1,25cm,328.192,115.5,22037.765,AN,43.71333333333333,20.929932408641097,25.22222222222222,6,60.333333333333336
37,B,80,2,3,133,405,138,66.66666666666667,Ambient,Reference,1,0,1,0cm,426.06333333333333,88.66666666666667,19528.376666666667,AN,43.71333333333333,20.929932408641097,25.22222222222222,6,60.333333333333336
37,C,60,0,15,137,310,139,0,Ambient,Reference,1,0,1,50cm,256.3593333333333,101.33333333333333,16730.146666666667,AN,43.71333333333333,20.929932408641097,25.22222222222222,6,60.333333333333336
37,C,60,0,15,137,310,139,0,Ambient,Reference,1,0,1,25cm,328.192,115.5,22037.765,AN,43.71333333333333,20.929932408641097,25.22222222222222,6,60.333333333333336
37,C,60,0,15,137,310,139,0,Ambient,Reference,1,0,1,0cm,426.06333333333333,88.66666666666667,19528.376666666667,AN,43.71333333333333,20.929932408641097,25.22222222222222,6,60.333333333333336
37,D,70,8,10,210,413,140,80,Ambient,Reference,1,0,1,50cm,256.3593333333333,101.33333333333333,16730.146666666667,AN,43.71333333333333,20.929932408641097,25.22222222222222,6,60.333333333333336
37,D,70,8,10,210,413,140,80,Ambient,Reference,1,0,1,25cm,328.192,115.5,22037.765,AN,43.71333333333333,20.929932408641097,25.22222222222222,6,60.333333333333336
37,D,70,8,10,210,413,140,80,Ambient,Reference,1,0,1,0cm,426.06333333333333,88.66666666666667,19528.376666666667,AN,43.71333333333333,20.929932408641097,25.22222222222222,6,60.333333333333336
37,E,50,1,2,76,253,141,50,Ambient,Reference,1,0,1,50cm,256.3593333333333,101.33333333333333,16730.146666666667,AN,43.71333333333333,20.929932408641097,25.22222222222222,6,60.333333333333336
37,E,50,1,2,76,253,141,50,Ambient,Reference,1,0,1,25cm,328.192,115.5,22037.765,AN,43.71333333333333,20.929932408641097,25.22222222222222,6,60.333333333333336
37,E,50,1,2,76,253,141,50,Ambient,Reference,1,0,1,0cm,426.06333333333333,88.66666666666667,19528.376666666667,AN,43.71333333333333,20.929932408641097,25.22222222222222,6,60.333333333333336
37,F,80,2,3,88,261,142,66.66666666666667,Ambient,Reference,1,0,1,50cm,256.3593333333333,101.33333333333333,16730.146666666667,AN,43.71333333333333,20.929932408641097,25.22222222222222,6,60.333333333333336
37,F,80,2,3,88,261,142,66.66666666666667,Ambient,Reference,1,0,1,25cm,328.192,115.5,22037.765,AN,43.71333333333333,20.929932408641097,25.22222222222222,6,60.333333333333336
37,F,80,2,3,88,261,142,66.66666666666667,Ambient,Reference,1,0,1,0cm,426.06333333333333,88.66666666666667,19528.376666666667,AN,43.71333333333333,20.929932408641097,25.22222222222222,6,60.333333333333336
37,I,70,0,2,56,239,143,0,Ambient,Reference,1,0,1,50cm,256.3593333333333,101.33333333333333,16730.146666666667,AN,43.71333333333333,20.929932408641097,25.22222222222222,6,60.333333333333336
37,I,70,0,2,56,239,143,0,Ambient,Reference,1,0,1,25cm,328.192,115.5,22037.765,AN,43.71333333333333,20.929932408641097,25.22222222222222,6,60.333333333333336
37,I,70,0,2,56,239,143,0,Ambient,Reference,1,0,1,0cm,426.06333333333333,88.66666666666667,19528.376666666667,AN,43.71333333333333,20.929932408641097,25.22222222222222,6,60.333333333333336
37,J,30,2,9,86,462,144,22.22222222222222,Ambient,Reference,1,0,1,50cm,256.3593333333333,101.33333333333333,16730.146666666667,AN,43.71333333333333,20.929932408641097,25.22222222222222,6,60.333333333333336
37,J,30,2,9,86,462,144,22.22222222222222,Ambient,Reference,1,0,1,25cm,328.192,115.5,22037.765,AN,43.71333333333333,20.929932408641097,25.22222222222222,6,60.333333333333336
37,J,30,2,9,86,462,144,22.22222222222222,Ambient,Reference,1,0,1,0cm,426.06333333333333,88.66666666666667,19528.376666666667,AN,43.71333333333333,20.929932408641097,25.22222222222222,6,60.333333333333336
37,N,50,0,2,90,139,145,0,Ambient,Reference,1,0,1,50cm,256.3593333333333,101.33333333333333,16730.146666666667,AN,43.71333333333333,20.929932408641097,25.22222222222222,6,60.333333333333336
37,N,50,0,2,90,139,145,0,Ambient,Reference,1,0,1,25cm,328.192,115.5,22037.765,AN,43.71333333333333,20.929932408641097,25.22222222222222,6,60.333333333333336
37,N,50,0,2,90,139,145,0,Ambient,Reference,1,0,1,0cm,426.06333333333333,88.66666666666667,19528.376666666667,AN,43.71333333333333,20.929932408641097,25.22222222222222,6,60.333333333333336
37,O,15,3,11,96,431,146,27.272727272727273,Ambient,Reference,1,0,1,50cm,256.3593333333333,101.33333333333333,16730.146666666667,AN,43.71333333333333,20.929932408641097,25.22222222222222,6,60.333333333333336
37,O,15,3,11,96,431,146,27.272727272727273,Ambient,Reference,1,0,1,25cm,328.192,115.5,22037.765,AN,43.71333333333333,20.929932408641097,25.22222222222222,6,60.333333333333336
37,O,15,3,11,96,431,146,27.272727272727273,Ambient,Reference,1,0,1,0cm,426.06333333333333,88.66666666666667,19528.376666666667,AN,43.71333333333333,20.929932408641097,25.22222222222222,6,60.333333333333336
37,R,20,0,1,76,200,147,0,Ambient,Reference,1,0,1,50cm,256.3593333333333,101.33333333333333,16730.146666666667,AN,43.71333333333333,20.929932408641097,25.22222222222222,6,60.333333333333336
37,R,20,0,1,76,200,147,0,Ambient,Reference,1,0,1,25cm,328.192,115.5,22037.765,AN,43.71333333333333,20.929932408641097,25.22222222222222,6,60.333333333333336
37,R,20,0,1,76,200,147,0,Ambient,Reference,1,0,1,0cm,426.06333333333333,88.66666666666667,19528.376666666667,AN,43.71333333333333,20.929932408641097,25.22222222222222,6,60.333333333333336
38,B,100,1,1,49,49,148,100,Drought,Invaded,0,1,0,50cm,627.6213333333334,104,30186.203333333335,DC,85.36,21.139168050035448,47.55555555555556,0.888888888888889,231
38,B,100,1,1,49,49,148,100,Drought,Invaded,0,1,0,25cm,689.093,65.5,24048.89,DC,85.36,21.139168050035448,47.55555555555556,0.888888888888889,231
38,B,100,1,1,49,49,148,100,Drought,Invaded,0,1,0,0cm,667.0173333333333,130.66666666666666,40995.073333333334,DC,85.36,21.139168050035448,47.55555555555556,0.888888888888889,231
38,Q,100,2,2,176,176,149,100,Drought,Invaded,0,1,0,50cm,627.6213333333334,104,30186.203333333335,DC,85.36,21.139168050035448,47.55555555555556,0.888888888888889,231
38,Q,100,2,2,176,176,149,100,Drought,Invaded,0,1,0,25cm,689.093,65.5,24048.89,DC,85.36,21.139168050035448,47.55555555555556,0.888888888888889,231
38,Q,100,2,2,176,176,149,100,Drought,Invaded,0,1,0,0cm,667.0173333333333,130.66666666666666,40995.073333333334,DC,85.36,21.139168050035448,47.55555555555556,0.888888888888889,231
39,B,50,5,16,235,482,150,31.25,Ambient,Invaded,1,0,1,50cm,471.41200000000003,91.33333333333333,23184.266666666666,AC,46.486666666666665,13.35696547152491,33.88888888888889,2.5555555555555554,181.83333333333334
39,B,50,5,16,235,482,150,31.25,Ambient,Invaded,1,0,1,25cm,279.6906666666667,73,23850.84,AC,46.486666666666665,13.35696547152491,33.88888888888889,2.5555555555555554,181.83333333333334
39,B,50,5,16,235,482,150,31.25,Ambient,Invaded,1,0,1,0cm,249.09533333333334,182,45160.19,AC,46.486666666666665,13.35696547152491,33.88888888888889,2.5555555555555554,181.83333333333334
39,C,100,1,1,104,104,151,100,Ambient,Invaded,0,1,0,50cm,471.41200000000003,91.33333333333333,23184.266666666666,AC,46.486666666666665,13.35696547152491,33.88888888888889,2.5555555555555554,181.83333333333334
39,C,100,1,1,104,104,151,100,Ambient,Invaded,0,1,0,25cm,279.6906666666667,73,23850.84,AC,46.486666666666665,13.35696547152491,33.88888888888889,2.5555555555555554,181.83333333333334
39,C,100,1,1,104,104,151,100,Ambient,Invaded,0,1,0,0cm,249.09533333333334,182,45160.19,AC,46.486666666666665,13.35696547152491,33.88888888888889,2.5555555555555554,181.83333333333334
39,F,80,10,16,185,469,152,62.5,Ambient,Invaded,1,0,1,50cm,471.41200000000003,91.33333333333333,23184.266666666666,AC,46.486666666666665,13.35696547152491,33.88888888888889,2.5555555555555554,181.83333333333334
39,F,80,10,16,185,469,152,62.5,Ambient,Invaded,1,0,1,25cm,279.6906666666667,73,23850.84,AC,46.486666666666665,13.35696547152491,33.88888888888889,2.5555555555555554,181.83333333333334
39,F,80,10,16,185,469,152,62.5,Ambient,Invaded,1,0,1,0cm,249.09533333333334,182,45160.19,AC,46.486666666666665,13.35696547152491,33.88888888888889,2.5555555555555554,181.83333333333334
39,I,30,2,13,240,552,153,15.384615384615385,Ambient,Invaded,1,0,1,50cm,471.41200000000003,91.33333333333333,23184.266666666666,AC,46.486666666666665,13.35696547152491,33.88888888888889,2.5555555555555554,181.83333333333334
39,I,30,2,13,240,552,153,15.384615384615385,Ambient,Invaded,1,0,1,25cm,279.6906666666667,73,23850.84,AC,46.486666666666665,13.35696547152491,33.88888888888889,2.5555555555555554,181.83333333333334
39,I,30,2,13,240,552,153,15.384615384615385,Ambient,Invaded,1,0,1,0cm,249.09533333333334,182,45160.19,AC,46.486666666666665,13.35696547152491,33.88888888888889,2.5555555555555554,181.83333333333334
39,P,30,7,16,175,560,154,43.75,Ambient,Invaded,1,0,1,50cm,471.41200000000003,91.33333333333333,23184.266666666666,AC,46.486666666666665,13.35696547152491,33.88888888888889,2.5555555555555554,181.83333333333334
39,P,30,7,16,175,560,154,43.75,Ambient,Invaded,1,0,1,25cm,279.6906666666667,73,23850.84,AC,46.486666666666665,13.35696547152491,33.88888888888889,2.5555555555555554,181.83333333333334
39,P,30,7,16,175,560,154,43.75,Ambient,Invaded,1,0,1,0cm,249.09533333333334,182,45160.19,AC,46.486666666666665,13.35696547152491,33.88888888888889,2.5555555555555554,181.83333333333334
39,S,15,3,13,200,425,155,23.076923076923077,Ambient,Invaded,1,0,1,50cm,471.41200000000003,91.33333333333333,23184.266666666666,AC,46.486666666666665,13.35696547152491,33.88888888888889,2.5555555555555554,181.83333333333334
39,S,15,3,13,200,425,155,23.076923076923077,Ambient,Invaded,1,0,1,25cm,279.6906666666667,73,23850.84,AC,46.486666666666665,13.35696547152491,33.88888888888889,2.5555555555555554,181.83333333333334
39,S,15,3,13,200,425,155,23.076923076923077,Ambient,Invaded,1,0,1,0cm,249.09533333333334,182,45160.19,AC,46.486666666666665,13.35696547152491,33.88888888888889,2.5555555555555554,181.83333333333334
40,E,15,0,26,47,625,156,0,Drought,Reference,1,0,1,50cm,202.83866666666665,39.333333333333336,6880.703333333333,DN,32.82666666666667,20.12705721072963,21.22222222222222,2.666666666666667,26.833333333333332
40,E,15,0,26,47,625,156,0,Drought,Reference,1,0,1,25cm,444.92066666666665,112.33333333333333,26773.673333333336,DN,32.82666666666667,20.12705721072963,21.22222222222222,2.666666666666667,26.833333333333332
40,E,15,0,26,47,625,156,0,Drought,Reference,1,0,1,0cm,377.66533333333336,116,25609.49,DN,32.82666666666667,20.12705721072963,21.22222222222222,2.666666666666667,26.833333333333332
