Plot,tree_id,Treatment,veg_trt,water_trt,probe_ht,pct_brown,dead_limbs,total_limbs,char_ht_cm,tree_height_cm,pct_dead_limbs,alive,dead,survival,avg_max_tempC,avg_s_abv_100,avg_heat_flux100,avg_pct_fuel_moisture,avg_fuel_ht_cm,avg_litter_depth_cm,avg_flameht_cm,fuels_kg
1,1S,Drought + Invasion,Invasion,Drought,50cm,45,4,14,182,405,28.571428571428573,1,0,1,372.5226666666667,86,20081.396666666667,21.466089355373676,60.666666666666664,8.777777777777779,183.33333333333334,1.0266133333333334
1,1S,Drought + Invasion,Invasion,Drought,25cm,45,4,14,182,405,28.571428571428573,1,0,1,494.4786666666667,105,26363.073333333334,21.466089355373676,60.666666666666664,8.777777777777779,183.33333333333334,1.0266133333333334
1,1S,Drought + Invasion,Invasion,Drought,0cm,45,4,14,182,405,28.571428571428573,1,0,1,395.9053333333333,118.5,31271.760000000002,21.466089355373676,60.666666666666664,8.777777777777779,183.33333333333334,1.0266133333333334
2,2C,Reference,Reference,Reference,50cm,10,0,1,75,203,0,1,0,1,224.014,52.666666666666664,8387.323333333334,17.380083894494224,31.88888888888889,2.6666666666666665,56.166666666666664,0.6294933333333333
2,2C,Reference,Reference,Reference,25cm,10,0,1,75,203,0,1,0,1,211.82533333333333,94.5,17117.690000000002,17.380083894494224,31.88888888888889,2.6666666666666665,56.166666666666664,0.6294933333333333
2,2C,Reference,Reference,Reference,0cm,10,0,1,75,203,0,1,0,1,450.4566666666667,88,23048.68666666667,17.380083894494224,31.88888888888889,2.6666666666666665,56.166666666666664,0.6294933333333333
2,2D,Reference,Reference,Reference,50cm,10,1,5,122,389,20,1,0,1,224.014,52.666666666666664,8387.323333333334,17.380083894494224,31.88888888888889,2.6666666666666665,56.166666666666664,0.6294933333333333
2,2D,Reference,Reference,Reference,25cm,10,1,5,122,389,20,1,0,1,211.82533333333333,94.5,17117.690000000002,17.380083894494224,31.88888888888889,2.6666666666666665,56.166666666666664,0.6294933333333333
2,2D,Reference,Reference,Reference,0cm,10,1,5,122,389,20,1,0,1,450.4566666666667,88,23048.68666666667,17.380083894494224,31.88888888888889,2.6666666666666665,56.166666666666664,0.6294933333333333
2,2F,Reference,Reference,Reference,50cm,1,0,9,82,464,0,1,0,1,224.014,52.666666666666664,8387.323333333334,17.380083894494224,31.88888888888889,2.6666666666666665,56.166666666666664,0.6294933333333333
2,2F,Reference,Reference,Reference,25cm,1,0,9,82,464,0,1,0,1,211.82533333333333,94.5,17117.690000000002,17.380083894494224,31.88888888888889,2.6666666666666665,56.166666666666664,0.6294933333333333
2,2F,Reference,Reference,Reference,0cm,1,0,9,82,464,0,1,0,1,450.4566666666667,88,23048.68666666667,17.380083894494224,31.88888888888889,2.6666666666666665,56.166666666666664,0.6294933333333333
2,2G,Reference,Reference,Reference,50cm,1,2,19,77,467,10.526315789473685,1,0,1,224.014,52.666666666666664,8387.323333333334,17.380083894494224,31.88888888888889,2.6666666666666665,56.166666666666664,0.6294933333333333
2,2G,Reference,Reference,Reference,25cm,1,2,19,77,467,10.526315789473685,1,0,1,211.82533333333333,94.5,17117.690000000002,17.380083894494224,31.88888888888889,2.6666666666666665,56.166666666666664,0.6294933333333333
2,2G,Reference,Reference,Reference,0cm,1,2,19,77,467,10.526315789473685,1,0,1,450.4566666666667,88,23048.68666666667,17.380083894494224,31.88888888888889,2.6666666666666665,56.166666666666664,0.6294933333333333
2,2Q,Reference,Reference,Reference,50cm,1,1,18,58,510,5.555555555555555,1,0,1,224.014,52.666666666666664,8387.323333333334,17.380083894494224,31.88888888888889,2.6666666666666665,56.166666666666664,0.6294933333333333
2,2Q,Reference,Reference,Reference,25cm,1,1,18,58,510,5.555555555555555,1,0,1,211.82533333333333,94.5,17117.690000000002,17.380083894494224,31.88888888888889,2.6666666666666665,56.166666666666664,0.6294933333333333
2,2Q,Reference,Reference,Reference,0cm,1,1,18,58,510,5.555555555555555,1,0,1,450.4566666666667,88,23048.68666666667,17.380083894494224,31.88888888888889,2.6666666666666665,56.166666666666664,0.6294933333333333
2,2T,Reference,Reference,Reference,50cm,2,1,22,77,340,4.545454545454546,1,0,1,224.014,52.666666666666664,8387.323333333334,17.380083894494224,31.88888888888889,2.6666666666666665,56.166666666666664,0.6294933333333333
2,2T,Reference,Reference,Reference,25cm,2,1,22,77,340,4.545454545454546,1,0,1,211.82533333333333,94.5,17117.690000000002,17.380083894494224,31.88888888888889,2.6666666666666665,56.166666666666664,0.6294933333333333
2,2T,Reference,Reference,Reference,0cm,2,1,22,77,340,4.545454545454546,1,0,1,450.4566666666667,88,23048.68666666667,17.380083894494224,31.88888888888889,2.6666666666666665,56.166666666666664,0.6294933333333333
3,3C,Drought,Reference,Drought,50cm,1,3,23,98,450,13.043478260869565,1,0,1,285.216,55.333333333333336,11691.663333333334,14.273240438676027,26,1.6111111111111112,58.166666666666664,0.6445333333333333
3,3C,Drought,Reference,Drought,25cm,1,3,23,98,450,13.043478260869565,1,0,1,409.6153333333333,98.33333333333333,24144.46,14.273240438676027,26,1.6111111111111112,58.166666666666664,0.6445333333333333
3,3C,Drought,Reference,Drought,0cm,1,3,23,98,450,13.043478260869565,1,0,1,351.5946666666666,153.5,47372.925,14.273240438676027,26,1.6111111111111112,58.166666666666664,0.6445333333333333
3,3E,Drought,Reference,Drought,50cm,15,8,16,127,385,50,1,0,1,285.216,55.333333333333336,11691.663333333334,14.273240438676027,26,1.6111111111111112,58.166666666666664,0.6445333333333333
3,3E,Drought,Reference,Drought,25cm,15,8,16,127,385,50,1,0,1,409.6153333333333,98.33333333333333,24144.46,14.273240438676027,26,1.6111111111111112,58.166666666666664,0.6445333333333333
3,3E,Drought,Reference,Drought,0cm,15,8,16,127,385,50,1,0,1,351.5946666666666,153.5,47372.925,14.273240438676027,26,1.6111111111111112,58.166666666666664,0.6445333333333333
3,3G,Drought,Reference,Drought,50cm,20,1,17,12,351,5.882352941176471,1,0,1,285.216,55.333333333333336,11691.663333333334,14.273240438676027,26,1.6111111111111112,58.166666666666664,0.6445333333333333
3,3G,Drought,Reference,Drought,25cm,20,1,17,12,351,5.882352941176471,1,0,1,409.6153333333333,98.33333333333333,24144.46,14.273240438676027,26,1.6111111111111112,58.166666666666664,0.6445333333333333
3,3G,Drought,Reference,Drought,0cm,20,1,17,12,351,5.882352941176471,1,0,1,351.5946666666666,153.5,47372.925,14.273240438676027,26,1.6111111111111112,58.166666666666664,0.6445333333333333
5,5A,Reference,Reference,Reference,50cm,0.5,0,12,67,354,0,1,0,1,215.11933333333334,82.5,14306.99,28.29540554634086,19.666666666666668,2.2222222222222223,21.5,0.77424
5,5A,Reference,Reference,Reference,25cm,0.5,0,12,67,354,0,1,0,1,331.6326666666667,76.33333333333333,16489.82,28.29540554634086,19.666666666666668,2.2222222222222223,21.5,0.77424
5,5A,Reference,Reference,Reference,0cm,0.5,0,12,67,354,0,1,0,1,523.4906666666667,240.66666666666666,63434.30333333333,28.29540554634086,19.666666666666668,2.2222222222222223,21.5,0.77424
5,5B,Reference,Reference,Reference,50cm,15,2,4,110,177,50,1,0,1,215.11933333333334,82.5,14306.99,28.29540554634086,19.666666666666668,2.2222222222222223,21.5,0.77424
5,5B,Reference,Reference,Reference,25cm,15,2,4,110,177,50,1,0,1,331.6326666666667,76.33333333333333,16489.82,28.29540554634086,19.666666666666668,2.2222222222222223,21.5,0.77424
5,5B,Reference,Reference,Reference,0cm,15,2,4,110,177,50,1,0,1,523.4906666666667,240.66666666666666,63434.30333333333,28.29540554634086,19.666666666666668,2.2222222222222223,21.5,0.77424
5,5O,Reference,Reference,Reference,50cm,0,0,13,50,458,0,1,0,1,215.11933333333334,82.5,14306.99,28.29540554634086,19.666666666666668,2.2222222222222223,21.5,0.77424
5,5O,Reference,Reference,Reference,25cm,0,0,13,50,458,0,1,0,1,331.6326666666667,76.33333333333333,16489.82,28.29540554634086,19.666666666666668,2.2222222222222223,21.5,0.77424
5,5O,Reference,Reference,Reference,0cm,0,0,13,50,458,0,1,0,1,523.4906666666667,240.66666666666666,63434.30333333333,28.29540554634086,19.666666666666668,2.2222222222222223,21.5,0.77424
6,6B,Drought,Reference,Drought,50cm,20,0,1,47,81,0,1,0,1,321.9233333333333,60.333333333333336,13864.643333333333,28.136407147139053,20.444444444444443,2.7777777777777777,94.16666666666667,0.7423466666666667
6,6B,Drought,Reference,Drought,25cm,20,0,1,47,81,0,1,0,1,375.30333333333334,80.5,24357.705,28.136407147139053,20.444444444444443,2.7777777777777777,94.16666666666667,0.7423466666666667
6,6B,Drought,Reference,Drought,0cm,20,0,1,47,81,0,1,0,1,511.0953333333333,94,25573.386666666665,28.136407147139053,20.444444444444443,2.7777777777777777,94.16666666666667,0.7423466666666667
6,6G,Drought,Reference,Drought,50cm,20,1,4,146,291,25,1,0,1,321.9233333333333,60.333333333333336,13864.643333333333,28.136407147139053,20.444444444444443,2.7777777777777777,94.16666666666667,0.7423466666666667
6,6G,Drought,Reference,Drought,25cm,20,1,4,146,291,25,1,0,1,375.30333333333334,80.5,24357.705,28.136407147139053,20.444444444444443,2.7777777777777777,94.16666666666667,0.7423466666666667
6,6G,Drought,Reference,Drought,0cm,20,1,4,146,291,25,1,0,1,511.0953333333333,94,25573.386666666665,28.136407147139053,20.444444444444443,2.7777777777777777,94.16666666666667,0.7423466666666667
6,6R,Drought,Reference,Drought,50cm,1,0,14,95,500,0,1,0,1,321.9233333333333,60.333333333333336,13864.643333333333,28.136407147139053,20.444444444444443,2.7777777777777777,94.16666666666667,0.7423466666666667
6,6R,Drought,Reference,Drought,25cm,1,0,14,95,500,0,1,0,1,375.30333333333334,80.5,24357.705,28.136407147139053,20.444444444444443,2.7777777777777777,94.16666666666667,0.7423466666666667
6,6R,Drought,Reference,Drought,0cm,1,0,14,95,500,0,1,0,1,511.0953333333333,94,25573.386666666665,28.136407147139053,20.444444444444443,2.7777777777777777,94.16666666666667,0.7423466666666667
7,7B,Invasion,Invasion,Reference,50cm,1,1,17,121,564,5.882352941176471,1,0,1,378.348,92,19924.90666666667,13.862508564135224,33.666666666666664,4.111111111111111,74.33333333333333,0.8472000000000001
7,7B,Invasion,Invasion,Reference,25cm,1,1,17,121,564,5.882352941176471,1,0,1,654.3593333333333,91.33333333333333,30930.366666666665,13.862508564135224,33.666666666666664,4.111111111111111,74.33333333333333,0.8472000000000001
7,7B,Invasion,Invasion,Reference,0cm,1,1,17,121,564,5.882352941176471,1,0,1,536.22,123.33333333333333,32037.186666666665,13.862508564135224,33.666666666666664,4.111111111111111,74.33333333333333,0.8472000000000001
7,7G,Invasion,Invasion,Reference,50cm,45,3,5,168,253,60,1,0,1,378.348,92,19924.90666666667,13.862508564135224,33.666666666666664,4.111111111111111,74.33333333333333,0.8472000000000001
7,7G,Invasion,Invasion,Reference,25cm,45,3,5,168,253,60,1,0,1,654.3593333333333,91.33333333333333,30930.366666666665,13.862508564135224,33.666666666666664,4.111111111111111,74.33333333333333,0.8472000000000001
7,7G,Invasion,Invasion,Reference,0cm,45,3,5,168,253,60,1,0,1,536.22,123.33333333333333,32037.186666666665,13.862508564135224,33.666666666666664,4.111111111111111,74.33333333333333,0.8472000000000001
7,7M,Invasion,Invasion,Reference,50cm,5,1,8,162,360,12.5,1,0,1,378.348,92,19924.90666666667,13.862508564135224,33.666666666666664,4.111111111111111,74.33333333333333,0.8472000000000001
7,7M,Invasion,Invasion,Reference,25cm,5,1,8,162,360,12.5,1,0,1,654.3593333333333,91.33333333333333,30930.366666666665,13.862508564135224,33.666666666666664,4.111111111111111,74.33333333333333,0.8472000000000001
7,7M,Invasion,Invasion,Reference,0cm,5,1,8,162,360,12.5,1,0,1,536.22,123.33333333333333,32037.186666666665,13.862508564135224,33.666666666666664,4.111111111111111,74.33333333333333,0.8472000000000001
10,10C,Reference,Reference,Reference,50cm,15,0,1,23,39,0,1,0,1,123.09866666666667,32.5,3873.865,16.384139466654254,20.22222222222222,1.1111111111111112,12.5,0.54512
10,10C,Reference,Reference,Reference,25cm,15,0,1,23,39,0,1,0,1,129.64266666666668,101.5,13570.835,16.384139466654254,20.22222222222222,1.1111111111111112,12.5,0.54512
10,10C,Reference,Reference,Reference,0cm,15,0,1,23,39,0,1,0,1,304.8313333333333,120,25741.965,16.384139466654254,20.22222222222222,1.1111111111111112,12.5,0.54512
10,10D,Reference,Reference,Reference,50cm,100,1,1,49,51,100,0,1,0,123.09866666666667,32.5,3873.865,16.384139466654254,20.22222222222222,1.1111111111111112,12.5,0.54512
10,10D,Reference,Reference,Reference,25cm,100,1,1,49,51,100,0,1,0,129.64266666666668,101.5,13570.835,16.384139466654254,20.22222222222222,1.1111111111111112,12.5,0.54512
10,10D,Reference,Reference,Reference,0cm,100,1,1,49,51,100,0,1,0,304.8313333333333,120,25741.965,16.384139466654254,20.22222222222222,1.1111111111111112,12.5,0.54512
10,10E,Reference,Reference,Reference,50cm,1,0,10,50,280,0,1,0,1,123.09866666666667,32.5,3873.865,16.384139466654254,20.22222222222222,1.1111111111111112,12.5,0.54512
10,10E,Reference,Reference,Reference,25cm,1,0,10,50,280,0,1,0,1,129.64266666666668,101.5,13570.835,16.384139466654254,20.22222222222222,1.1111111111111112,12.5,0.54512
10,10E,Reference,Reference,Reference,0cm,1,0,10,50,280,0,1,0,1,304.8313333333333,120,25741.965,16.384139466654254,20.22222222222222,1.1111111111111112,12.5,0.54512
10,10H,Reference,Reference,Reference,50cm,1,0,13,46,475,0,1,0,1,123.09866666666667,32.5,3873.865,16.384139466654254,20.22222222222222,1.1111111111111112,12.5,0.54512
10,10H,Reference,Reference,Reference,25cm,1,0,13,46,475,0,1,0,1,129.64266666666668,101.5,13570.835,16.384139466654254,20.22222222222222,1.1111111111111112,12.5,0.54512
10,10H,Reference,Reference,Reference,0cm,1,0,13,46,475,0,1,0,1,304.8313333333333,120,25741.965,16.384139466654254,20.22222222222222,1.1111111111111112,12.5,0.54512
10,10I,Reference,Reference,Reference,50cm,5,0,6,40,265,0,1,0,1,123.09866666666667,32.5,3873.865,16.384139466654254,20.22222222222222,1.1111111111111112,12.5,0.54512
10,10I,Reference,Reference,Reference,25cm,5,0,6,40,265,0,1,0,1,129.64266666666668,101.5,13570.835,16.384139466654254,20.22222222222222,1.1111111111111112,12.5,0.54512
10,10I,Reference,Reference,Reference,0cm,5,0,6,40,265,0,1,0,1,304.8313333333333,120,25741.965,16.384139466654254,20.22222222222222,1.1111111111111112,12.5,0.54512
10,10K,Reference,Reference,Reference,50cm,1,0,11,85,273,0,1,0,1,123.09866666666667,32.5,3873.865,16.384139466654254,20.22222222222222,1.1111111111111112,12.5,0.54512
10,10K,Reference,Reference,Reference,25cm,1,0,11,85,273,0,1,0,1,129.64266666666668,101.5,13570.835,16.384139466654254,20.22222222222222,1.1111111111111112,12.5,0.54512
10,10K,Reference,Reference,Reference,0cm,1,0,11,85,273,0,1,0,1,304.8313333333333,120,25741.965,16.384139466654254,20.22222222222222,1.1111111111111112,12.5,0.54512
10,10P,Reference,Reference,Reference,50cm,1,0,12,50,558,0,1,0,1,123.09866666666667,32.5,3873.865,16.384139466654254,20.22222222222222,1.1111111111111112,12.5,0.54512
10,10P,Reference,Reference,Reference,25cm,1,0,12,50,558,0,1,0,1,129.64266666666668,101.5,13570.835,16.384139466654254,20.22222222222222,1.1111111111111112,12.5,0.54512
10,10P,Reference,Reference,Reference,0cm,1,0,12,50,558,0,1,0,1,304.8313333333333,120,25741.965,16.384139466654254,20.22222222222222,1.1111111111111112,12.5,0.54512
11,11O,Drought + Invasion,Invasion,Drought,50cm,99,2,3,188,245,66.66666666666667,1,0,1,521.1693333333334,82.66666666666667,26007.676666666666,16.595440169961044,38,2.388888888888889,212.16666666666666,0.9211733333333334
11,11O,Drought + Invasion,Invasion,Drought,25cm,99,2,3,188,245,66.66666666666667,1,0,1,282.45933333333335,161,51454.79,16.595440169961044,38,2.388888888888889,212.16666666666666,0.9211733333333334
11,11O,Drought + Invasion,Invasion,Drought,0cm,99,2,3,188,245,66.66666666666667,1,0,1,305.2273333333333,89,23718.850000000002,16.595440169961044,38,2.388888888888889,212.16666666666666,0.9211733333333334
12,12E,Invasion,Invasion,Reference,50cm,98,6,6,157,220,100,0,1,0,350.6166666666667,90,19551.896666666667,17.016272347746593,36.55555555555556,6.666666666666666,186,1.1721599999999999
12,12E,Invasion,Invasion,Reference,25cm,98,6,6,157,220,100,0,1,0,533.5833333333334,104.66666666666667,29716.93,17.016272347746593,36.55555555555556,6.666666666666666,186,1.1721599999999999
12,12E,Invasion,Invasion,Reference,0cm,98,6,6,157,220,100,0,1,0,532.0306666666667,133.33333333333334,36890.81333333333,17.016272347746593,36.55555555555556,6.666666666666666,186,1.1721599999999999
14,14B,Drought + Invasion,Invasion,Drought,50cm,99,11,11,230,350,100,0,1,0,694.472,94.66666666666667,34980.799999999996,15.161464269820764,50.666666666666664,4.5,207.83333333333334,1.8919466666666667
14,14B,Drought + Invasion,Invasion,Drought,25cm,99,11,11,230,350,100,0,1,0,675.94,95,31835.663333333334,15.161464269820764,50.666666666666664,4.5,207.83333333333334,1.8919466666666667
14,14B,Drought + Invasion,Invasion,Drought,0cm,99,11,11,230,350,100,0,1,0,681.1213333333334,93.66666666666667,34884.630000000005,15.161464269820764,50.666666666666664,4.5,207.83333333333334,1.8919466666666667
14,14D,Drought + Invasion,Invasion,Drought,50cm,99,5,5,330,426,100,0,1,0,694.472,94.66666666666667,34980.799999999996,15.161464269820764,50.666666666666664,4.5,207.83333333333334,1.8919466666666667
14,14D,Drought + Invasion,Invasion,Drought,25cm,99,5,5,330,426,100,0,1,0,675.94,95,31835.663333333334,15.161464269820764,50.666666666666664,4.5,207.83333333333334,1.8919466666666667
14,14D,Drought + Invasion,Invasion,Drought,0cm,99,5,5,330,426,100,0,1,0,681.1213333333334,93.66666666666667,34884.630000000005,15.161464269820764,50.666666666666664,4.5,207.83333333333334,1.8919466666666667
14,14E,Drought + Invasion,Invasion,Drought,50cm,75,7,10,312,454,70,1,0,1,694.472,94.66666666666667,34980.799999999996,15.161464269820764,50.666666666666664,4.5,207.83333333333334,1.8919466666666667
14,14E,Drought + Invasion,Invasion,Drought,25cm,75,7,10,312,454,70,1,0,1,675.94,95,31835.663333333334,15.161464269820764,50.666666666666664,4.5,207.83333333333334,1.8919466666666667
14,14E,Drought + Invasion,Invasion,Drought,0cm,75,7,10,312,454,70,1,0,1,681.1213333333334,93.66666666666667,34884.630000000005,15.161464269820764,50.666666666666664,4.5,207.83333333333334,1.8919466666666667
14,14K,Drought + Invasion,Invasion,Drought,50cm,98,1,1,78,78,100,0,1,0,694.472,94.66666666666667,34980.799999999996,15.161464269820764,50.666666666666664,4.5,207.83333333333334,1.8919466666666667
14,14K,Drought + Invasion,Invasion,Drought,25cm,98,1,1,78,78,100,0,1,0,675.94,95,31835.663333333334,15.161464269820764,50.666666666666664,4.5,207.83333333333334,1.8919466666666667
14,14K,Drought + Invasion,Invasion,Drought,0cm,98,1,1,78,78,100,0,1,0,681.1213333333334,93.66666666666667,34884.630000000005,15.161464269820764,50.666666666666664,4.5,207.83333333333334,1.8919466666666667
14,14T,Drought + Invasion,Invasion,Drought,50cm,95,4,4,160,202,100,0,1,0,694.472,94.66666666666667,34980.799999999996,15.161464269820764,50.666666666666664,4.5,207.83333333333334,1.8919466666666667
14,14T,Drought + Invasion,Invasion,Drought,25cm,95,4,4,160,202,100,0,1,0,675.94,95,31835.663333333334,15.161464269820764,50.666666666666664,4.5,207.83333333333334,1.8919466666666667
14,14T,Drought + Invasion,Invasion,Drought,0cm,95,4,4,160,202,100,0,1,0,681.1213333333334,93.66666666666667,34884.630000000005,15.161464269820764,50.666666666666664,4.5,207.83333333333334,1.8919466666666667
15,15F,Reference,Reference,Reference,50cm,5,0,3,41,118,0,1,0,1,136.20466666666667,82,10580.96,19.747297766152105,13,1.0555555555555556,18.666666666666668,0.56976
15,15F,Reference,Reference,Reference,25cm,5,0,3,41,118,0,1,0,1,536.7513333333334,155.66666666666666,36527.183333333334,19.747297766152105,13,1.0555555555555556,18.666666666666668,0.56976
15,15F,Reference,Reference,Reference,0cm,5,0,3,41,118,0,1,0,1,410.4033333333333,177,46453.335,19.747297766152105,13,1.0555555555555556,18.666666666666668,0.56976
15,15I,Reference,Reference,Reference,50cm,5,0,1,71,138,0,1,0,1,136.20466666666667,82,10580.96,19.747297766152105,13,1.0555555555555556,18.666666666666668,0.56976
15,15I,Reference,Reference,Reference,25cm,5,0,1,71,138,0,1,0,1,536.7513333333334,155.66666666666666,36527.183333333334,19.747297766152105,13,1.0555555555555556,18.666666666666668,0.56976
15,15I,Reference,Reference,Reference,0cm,5,0,1,71,138,0,1,0,1,410.4033333333333,177,46453.335,19.747297766152105,13,1.0555555555555556,18.666666666666668,0.56976
15,15O,Reference,Reference,Reference,50cm,97,2,2,92,129,100,0,1,0,136.20466666666667,82,10580.96,19.747297766152105,13,1.0555555555555556,18.666666666666668,0.56976
15,15O,Reference,Reference,Reference,25cm,97,2,2,92,129,100,0,1,0,536.7513333333334,155.66666666666666,36527.183333333334,19.747297766152105,13,1.0555555555555556,18.666666666666668,0.56976
15,15O,Reference,Reference,Reference,0cm,97,2,2,92,129,100,0,1,0,410.4033333333333,177,46453.335,19.747297766152105,13,1.0555555555555556,18.666666666666668,0.56976
16,16E,Drought,Reference,Drought,50cm,5,1,10,65,365,10,1,0,1,179.84866666666665,59,11155.09,26.096900151559833,18.666666666666668,1,35,0.7178666666666667
16,16E,Drought,Reference,Drought,25cm,5,1,10,65,365,10,1,0,1,304.8686666666667,63,14348.543333333333,26.096900151559833,18.666666666666668,1,35,0.7178666666666667
16,16E,Drought,Reference,Drought,0cm,5,1,10,65,365,10,1,0,1,455.3733333333333,115,35410.35,26.096900151559833,18.666666666666668,1,35,0.7178666666666667
17,17A,Drought,Reference,Drought,50cm,15,1,11,65,445,9.090909090909092,1,0,1,347.9546666666667,95,18940.5,12.295037002540003,10.11111111111111,5.444444444444445,68,0.9121066666666667
17,17A,Drought,Reference,Drought,25cm,15,1,11,65,445,9.090909090909092,1,0,1,584.3066666666667,105,32003.06333333333,12.295037002540003,10.11111111111111,5.444444444444445,68,0.9121066666666667
17,17A,Drought,Reference,Drought,0cm,15,1,11,65,445,9.090909090909092,1,0,1,537.958,154.66666666666666,41153.596666666665,12.295037002540003,10.11111111111111,5.444444444444445,68,0.9121066666666667
17,17B,Drought,Reference,Drought,50cm,10,1,12,144,605,8.333333333333334,1,0,1,347.9546666666667,95,18940.5,12.295037002540003,10.11111111111111,5.444444444444445,68,0.9121066666666667
17,17B,Drought,Reference,Drought,25cm,10,1,12,144,605,8.333333333333334,1,0,1,584.3066666666667,105,32003.06333333333,12.295037002540003,10.11111111111111,5.444444444444445,68,0.9121066666666667
17,17B,Drought,Reference,Drought,0cm,10,1,12,144,605,8.333333333333334,1,0,1,537.958,154.66666666666666,41153.596666666665,12.295037002540003,10.11111111111111,5.444444444444445,68,0.9121066666666667
17,17D,Drought,Reference,Drought,50cm,10,0,10,115,496,0,1,0,1,347.9546666666667,95,18940.5,12.295037002540003,10.11111111111111,5.444444444444445,68,0.9121066666666667
17,17D,Drought,Reference,Drought,25cm,10,0,10,115,496,0,1,0,1,584.3066666666667,105,32003.06333333333,12.295037002540003,10.11111111111111,5.444444444444445,68,0.9121066666666667
17,17D,Drought,Reference,Drought,0cm,10,0,10,115,496,0,1,0,1,537.958,154.66666666666666,41153.596666666665,12.295037002540003,10.11111111111111,5.444444444444445,68,0.9121066666666667
17,17F,Drought,Reference,Drought,50cm,20,8,12,233,439,66.66666666666667,1,0,1,347.9546666666667,95,18940.5,12.295037002540003,10.11111111111111,5.444444444444445,68,0.9121066666666667
17,17F,Drought,Reference,Drought,25cm,20,8,12,233,439,66.66666666666667,1,0,1,584.3066666666667,105,32003.06333333333,12.295037002540003,10.11111111111111,5.444444444444445,68,0.9121066666666667
17,17F,Drought,Reference,Drought,0cm,20,8,12,233,439,66.66666666666667,1,0,1,537.958,154.66666666666666,41153.596666666665,12.295037002540003,10.11111111111111,5.444444444444445,68,0.9121066666666667
17,17J,Drought,Reference,Drought,50cm,15,4,10,154,436,40,1,0,1,347.9546666666667,95,18940.5,12.295037002540003,10.11111111111111,5.444444444444445,68,0.9121066666666667
17,17J,Drought,Reference,Drought,25cm,15,4,10,154,436,40,1,0,1,584.3066666666667,105,32003.06333333333,12.295037002540003,10.11111111111111,5.444444444444445,68,0.9121066666666667
17,17J,Drought,Reference,Drought,0cm,15,4,10,154,436,40,1,0,1,537.958,154.66666666666666,41153.596666666665,12.295037002540003,10.11111111111111,5.444444444444445,68,0.9121066666666667
17,17M,Drought,Reference,Drought,50cm,10,7,25,173,630,28,1,0,1,347.9546666666667,95,18940.5,12.295037002540003,10.11111111111111,5.444444444444445,68,0.9121066666666667
17,17M,Drought,Reference,Drought,25cm,10,7,25,173,630,28,1,0,1,584.3066666666667,105,32003.06333333333,12.295037002540003,10.11111111111111,5.444444444444445,68,0.9121066666666667
17,17M,Drought,Reference,Drought,0cm,10,7,25,173,630,28,1,0,1,537.958,154.66666666666666,41153.596666666665,12.295037002540003,10.11111111111111,5.444444444444445,68,0.9121066666666667
17,17P,Drought,Reference,Drought,50cm,15,3,10,108,434,30,1,0,1,347.9546666666667,95,18940.5,12.295037002540003,10.11111111111111,5.444444444444445,68,0.9121066666666667
17,17P,Drought,Reference,Drought,25cm,15,3,10,108,434,30,1,0,1,584.3066666666667,105,32003.06333333333,12.295037002540003,10.11111111111111,5.444444444444445,68,0.9121066666666667
17,17P,Drought,Reference,Drought,0cm,15,3,10,108,434,30,1,0,1,537.958,154.66666666666666,41153.596666666665,12.295037002540003,10.11111111111111,5.444444444444445,68,0.9121066666666667
17,17Q,Drought,Reference,Drought,50cm,20,0,1,6,242,0,1,0,1,347.9546666666667,95,18940.5,12.295037002540003,10.11111111111111,5.444444444444445,68,0.9121066666666667
17,17Q,Drought,Reference,Drought,25cm,20,0,1,6,242,0,1,0,1,584.3066666666667,105,32003.06333333333,12.295037002540003,10.11111111111111,5.444444444444445,68,0.9121066666666667
17,17Q,Drought,Reference,Drought,0cm,20,0,1,6,242,0,1,0,1,537.958,154.66666666666666,41153.596666666665,12.295037002540003,10.11111111111111,5.444444444444445,68,0.9121066666666667
17,17S,Drought,Reference,Drought,50cm,25,3,7,163,337,42.857142857142854,1,0,1,347.9546666666667,95,18940.5,12.295037002540003,10.11111111111111,5.444444444444445,68,0.9121066666666667
17,17S,Drought,Reference,Drought,25cm,25,3,7,163,337,42.857142857142854,1,0,1,584.3066666666667,105,32003.06333333333,12.295037002540003,10.11111111111111,5.444444444444445,68,0.9121066666666667
17,17S,Drought,Reference,Drought,0cm,25,3,7,163,337,42.857142857142854,1,0,1,537.958,154.66666666666666,41153.596666666665,12.295037002540003,10.11111111111111,5.444444444444445,68,0.9121066666666667
17,17T,Drought,Reference,Drought,50cm,20,5,17,105,565,29.41176470588235,1,0,1,347.9546666666667,95,18940.5,12.295037002540003,10.11111111111111,5.444444444444445,68,0.9121066666666667
17,17T,Drought,Reference,Drought,25cm,20,5,17,105,565,29.41176470588235,1,0,1,584.3066666666667,105,32003.06333333333,12.295037002540003,10.11111111111111,5.444444444444445,68,0.9121066666666667
17,17T,Drought,Reference,Drought,0cm,20,5,17,105,565,29.41176470588235,1,0,1,537.958,154.66666666666666,41153.596666666665,12.295037002540003,10.11111111111111,5.444444444444445,68,0.9121066666666667
18,18A,Reference,Reference,Reference,50cm,98,1,1,40,40,100,0,1,0,299.204,71.66666666666667,13800.67,23.54157488551165,13.11111111111111,3.4444444444444446,65.66666666666667,0.71424
18,18A,Reference,Reference,Reference,25cm,98,1,1,40,40,100,0,1,0,344.17466666666667,85.33333333333333,18867.70333333333,23.54157488551165,13.11111111111111,3.4444444444444446,65.66666666666667,0.71424
18,18A,Reference,Reference,Reference,0cm,98,1,1,40,40,100,0,1,0,437.0666666666667,92,24491.613333333335,23.54157488551165,13.11111111111111,3.4444444444444446,65.66666666666667,0.71424
18,18B,Reference,Reference,Reference,50cm,5,0,15,155,630,0,1,0,1,299.204,71.66666666666667,13800.67,23.54157488551165,13.11111111111111,3.4444444444444446,65.66666666666667,0.71424
18,18B,Reference,Reference,Reference,25cm,5,0,15,155,630,0,1,0,1,344.17466666666667,85.33333333333333,18867.70333333333,23.54157488551165,13.11111111111111,3.4444444444444446,65.66666666666667,0.71424
18,18B,Reference,Reference,Reference,0cm,5,0,15,155,630,0,1,0,1,437.0666666666667,92,24491.613333333335,23.54157488551165,13.11111111111111,3.4444444444444446,65.66666666666667,0.71424
18,18F,Reference,Reference,Reference,50cm,75,1,3,135,197,33.333333333333336,1,0,1,299.204,71.66666666666667,13800.67,23.54157488551165,13.11111111111111,3.4444444444444446,65.66666666666667,0.71424
18,18F,Reference,Reference,Reference,25cm,75,1,3,135,197,33.333333333333336,1,0,1,344.17466666666667,85.33333333333333,18867.70333333333,23.54157488551165,13.11111111111111,3.4444444444444446,65.66666666666667,0.71424
18,18F,Reference,Reference,Reference,0cm,75,1,3,135,197,33.333333333333336,1,0,1,437.0666666666667,92,24491.613333333335,23.54157488551165,13.11111111111111,3.4444444444444446,65.66666666666667,0.71424
18,18G,Reference,Reference,Reference,50cm,25,5,20,152,593,25,1,0,1,299.204,71.66666666666667,13800.67,23.54157488551165,13.11111111111111,3.4444444444444446,65.66666666666667,0.71424
18,18G,Reference,Reference,Reference,25cm,25,5,20,152,593,25,1,0,1,344.17466666666667,85.33333333333333,18867.70333333333,23.54157488551165,13.11111111111111,3.4444444444444446,65.66666666666667,0.71424
18,18G,Reference,Reference,Reference,0cm,25,5,20,152,593,25,1,0,1,437.0666666666667,92,24491.613333333335,23.54157488551165,13.11111111111111,3.4444444444444446,65.66666666666667,0.71424
18,18H,Reference,Reference,Reference,50cm,35,3,15,112,598,20,1,0,1,299.204,71.66666666666667,13800.67,23.54157488551165,13.11111111111111,3.4444444444444446,65.66666666666667,0.71424
18,18H,Reference,Reference,Reference,25cm,35,3,15,112,598,20,1,0,1,344.17466666666667,85.33333333333333,18867.70333333333,23.54157488551165,13.11111111111111,3.4444444444444446,65.66666666666667,0.71424
18,18H,Reference,Reference,Reference,0cm,35,3,15,112,598,20,1,0,1,437.0666666666667,92,24491.613333333335,23.54157488551165,13.11111111111111,3.4444444444444446,65.66666666666667,0.71424
18,18M,Reference,Reference,Reference,50cm,15,0,1,91,175,0,1,0,1,299.204,71.66666666666667,13800.67,23.54157488551165,13.11111111111111,3.4444444444444446,65.66666666666667,0.71424
18,18M,Reference,Reference,Reference,25cm,15,0,1,91,175,0,1,0,1,344.17466666666667,85.33333333333333,18867.70333333333,23.54157488551165,13.11111111111111,3.4444444444444446,65.66666666666667,0.71424
18,18M,Reference,Reference,Reference,0cm,15,0,1,91,175,0,1,0,1,437.0666666666667,92,24491.613333333335,23.54157488551165,13.11111111111111,3.4444444444444446,65.66666666666667,0.71424
18,18O,Reference,Reference,Reference,50cm,50,3,13,126,523,23.076923076923077,1,0,1,299.204,71.66666666666667,13800.67,23.54157488551165,13.11111111111111,3.4444444444444446,65.66666666666667,0.71424
18,18O,Reference,Reference,Reference,25cm,50,3,13,126,523,23.076923076923077,1,0,1,344.17466666666667,85.33333333333333,18867.70333333333,23.54157488551165,13.11111111111111,3.4444444444444446,65.66666666666667,0.71424
18,18O,Reference,Reference,Reference,0cm,50,3,13,126,523,23.076923076923077,1,0,1,437.0666666666667,92,24491.613333333335,23.54157488551165,13.11111111111111,3.4444444444444446,65.66666666666667,0.71424
18,18P,Reference,Reference,Reference,50cm,15,3,14,115,554,21.428571428571427,1,0,1,299.204,71.66666666666667,13800.67,23.54157488551165,13.11111111111111,3.4444444444444446,65.66666666666667,0.71424
18,18P,Reference,Reference,Reference,25cm,15,3,14,115,554,21.428571428571427,1,0,1,344.17466666666667,85.33333333333333,18867.70333333333,23.54157488551165,13.11111111111111,3.4444444444444446,65.66666666666667,0.71424
18,18P,Reference,Reference,Reference,0cm,15,3,14,115,554,21.428571428571427,1,0,1,437.0666666666667,92,24491.613333333335,23.54157488551165,13.11111111111111,3.4444444444444446,65.66666666666667,0.71424
18,18R,Reference,Reference,Reference,50cm,100,1,1,17,17,100,0,1,0,299.204,71.66666666666667,13800.67,23.54157488551165,13.11111111111111,3.4444444444444446,65.66666666666667,0.71424
18,18R,Reference,Reference,Reference,25cm,100,1,1,17,17,100,0,1,0,344.17466666666667,85.33333333333333,18867.70333333333,23.54157488551165,13.11111111111111,3.4444444444444446,65.66666666666667,0.71424
18,18R,Reference,Reference,Reference,0cm,100,1,1,17,17,100,0,1,0,437.0666666666667,92,24491.613333333335,23.54157488551165,13.11111111111111,3.4444444444444446,65.66666666666667,0.71424
18,18S,Reference,Reference,Reference,50cm,35,5,13,144,500,38.46153846153846,1,0,1,299.204,71.66666666666667,13800.67,23.54157488551165,13.11111111111111,3.4444444444444446,65.66666666666667,0.71424
18,18S,Reference,Reference,Reference,25cm,35,5,13,144,500,38.46153846153846,1,0,1,344.17466666666667,85.33333333333333,18867.70333333333,23.54157488551165,13.11111111111111,3.4444444444444446,65.66666666666667,0.71424
18,18S,Reference,Reference,Reference,0cm,35,5,13,144,500,38.46153846153846,1,0,1,437.0666666666667,92,24491.613333333335,23.54157488551165,13.11111111111111,3.4444444444444446,65.66666666666667,0.71424
18,18T,Reference,Reference,Reference,50cm,30,3,12,139,424,25,1,0,1,299.204,71.66666666666667,13800.67,23.54157488551165,13.11111111111111,3.4444444444444446,65.66666666666667,0.71424
18,18T,Reference,Reference,Reference,25cm,30,3,12,139,424,25,1,0,1,344.17466666666667,85.33333333333333,18867.70333333333,23.54157488551165,13.11111111111111,3.4444444444444446,65.66666666666667,0.71424
18,18T,Reference,Reference,Reference,0cm,30,3,12,139,424,25,1,0,1,437.0666666666667,92,24491.613333333335,23.54157488551165,13.11111111111111,3.4444444444444446,65.66666666666667,0.71424
19,19A,Drought + Invasion,Invasion,Drought,50cm,95,1,3,208,299,33.333333333333336,1,0,1,660.8213333333333,116,37874.21,18.27208244820558,41,4.111111111111111,155.16666666666666,1.0529066666666669
19,19A,Drought + Invasion,Invasion,Drought,25cm,95,1,3,208,299,33.333333333333336,1,0,1,449.71999999999997,140.5,46368.65,18.27208244820558,41,4.111111111111111,155.16666666666666,1.0529066666666669
19,19A,Drought + Invasion,Invasion,Drought,0cm,95,1,3,208,299,33.333333333333336,1,0,1,382.56466666666665,62.333333333333336,18859.876666666667,18.27208244820558,41,4.111111111111111,155.16666666666666,1.0529066666666669
19,19B,Drought + Invasion,Invasion,Drought,50cm,99,5,5,173,259,100,0,1,0,660.8213333333333,116,37874.21,18.27208244820558,41,4.111111111111111,155.16666666666666,1.0529066666666669
19,19B,Drought + Invasion,Invasion,Drought,25cm,99,5,5,173,259,100,0,1,0,449.71999999999997,140.5,46368.65,18.27208244820558,41,4.111111111111111,155.16666666666666,1.0529066666666669
19,19B,Drought + Invasion,Invasion,Drought,0cm,99,5,5,173,259,100,0,1,0,382.56466666666665,62.333333333333336,18859.876666666667,18.27208244820558,41,4.111111111111111,155.16666666666666,1.0529066666666669
19,19C,Drought + Invasion,Invasion,Drought,50cm,60,5,9,163,296,55.55555555555556,1,0,1,660.8213333333333,116,37874.21,18.27208244820558,41,4.111111111111111,155.16666666666666,1.0529066666666669
19,19C,Drought + Invasion,Invasion,Drought,25cm,60,5,9,163,296,55.55555555555556,1,0,1,449.71999999999997,140.5,46368.65,18.27208244820558,41,4.111111111111111,155.16666666666666,1.0529066666666669
19,19C,Drought + Invasion,Invasion,Drought,0cm,60,5,9,163,296,55.55555555555556,1,0,1,382.56466666666665,62.333333333333336,18859.876666666667,18.27208244820558,41,4.111111111111111,155.16666666666666,1.0529066666666669
19,19D,Drought + Invasion,Invasion,Drought,50cm,10,0,4,177,369,0,1,0,1,660.8213333333333,116,37874.21,18.27208244820558,41,4.111111111111111,155.16666666666666,1.0529066666666669
19,19D,Drought + Invasion,Invasion,Drought,25cm,10,0,4,177,369,0,1,0,1,449.71999999999997,140.5,46368.65,18.27208244820558,41,4.111111111111111,155.16666666666666,1.0529066666666669
19,19D,Drought + Invasion,Invasion,Drought,0cm,10,0,4,177,369,0,1,0,1,382.56466666666665,62.333333333333336,18859.876666666667,18.27208244820558,41,4.111111111111111,155.16666666666666,1.0529066666666669
19,19F,Drought + Invasion,Invasion,Drought,50cm,100,1,1,136,142,100,0,1,0,660.8213333333333,116,37874.21,18.27208244820558,41,4.111111111111111,155.16666666666666,1.0529066666666669
19,19F,Drought + Invasion,Invasion,Drought,25cm,100,1,1,136,142,100,0,1,0,449.71999999999997,140.5,46368.65,18.27208244820558,41,4.111111111111111,155.16666666666666,1.0529066666666669
19,19F,Drought + Invasion,Invasion,Drought,0cm,100,1,1,136,142,100,0,1,0,382.56466666666665,62.333333333333336,18859.876666666667,18.27208244820558,41,4.111111111111111,155.16666666666666,1.0529066666666669
19,19K,Drought + Invasion,Invasion,Drought,50cm,10,2,7,189,354,28.571428571428573,1,0,1,660.8213333333333,116,37874.21,18.27208244820558,41,4.111111111111111,155.16666666666666,1.0529066666666669
19,19K,Drought + Invasion,Invasion,Drought,25cm,10,2,7,189,354,28.571428571428573,1,0,1,449.71999999999997,140.5,46368.65,18.27208244820558,41,4.111111111111111,155.16666666666666,1.0529066666666669
19,19K,Drought + Invasion,Invasion,Drought,0cm,10,2,7,189,354,28.571428571428573,1,0,1,382.56466666666665,62.333333333333336,18859.876666666667,18.27208244820558,41,4.111111111111111,155.16666666666666,1.0529066666666669
19,19P,Drought + Invasion,Invasion,Drought,50cm,70,3,6,178,286,50,1,0,1,660.8213333333333,116,37874.21,18.27208244820558,41,4.111111111111111,155.16666666666666,1.0529066666666669
19,19P,Drought + Invasion,Invasion,Drought,25cm,70,3,6,178,286,50,1,0,1,449.71999999999997,140.5,46368.65,18.27208244820558,41,4.111111111111111,155.16666666666666,1.0529066666666669
19,19P,Drought + Invasion,Invasion,Drought,0cm,70,3,6,178,286,50,1,0,1,382.56466666666665,62.333333333333336,18859.876666666667,18.27208244820558,41,4.111111111111111,155.16666666666666,1.0529066666666669
21,21D,Invasion,Invasion,Reference,50cm,85,5,10,275,490,50,1,0,1,827.3666666666667,81.33333333333333,32880.14333333333,13.364733031268205,44.111111111111114,2.3333333333333335,275.1666666666667,1.34464
21,21D,Invasion,Invasion,Reference,25cm,85,5,10,275,490,50,1,0,1,774.8546666666666,84.66666666666667,33888.31333333333,13.364733031268205,44.111111111111114,2.3333333333333335,275.1666666666667,1.34464
21,21D,Invasion,Invasion,Reference,0cm,85,5,10,275,490,50,1,0,1,684.1093333333333,96.66666666666667,31278.486666666664,13.364733031268205,44.111111111111114,2.3333333333333335,275.1666666666667,1.34464
21,21F,Invasion,Invasion,Reference,50cm,75,3,14,350,663,21.428571428571427,1,0,1,827.3666666666667,81.33333333333333,32880.14333333333,13.364733031268205,44.111111111111114,2.3333333333333335,275.1666666666667,1.34464
21,21F,Invasion,Invasion,Reference,25cm,75,3,14,350,663,21.428571428571427,1,0,1,774.8546666666666,84.66666666666667,33888.31333333333,13.364733031268205,44.111111111111114,2.3333333333333335,275.1666666666667,1.34464
21,21F,Invasion,Invasion,Reference,0cm,75,3,14,350,663,21.428571428571427,1,0,1,684.1093333333333,96.66666666666667,31278.486666666664,13.364733031268205,44.111111111111114,2.3333333333333335,275.1666666666667,1.34464
21,21T,Invasion,Invasion,Reference,50cm,95,6,12,330,474,50,1,0,1,827.3666666666667,81.33333333333333,32880.14333333333,13.364733031268205,44.111111111111114,2.3333333333333335,275.1666666666667,1.34464
21,21T,Invasion,Invasion,Reference,25cm,95,6,12,330,474,50,1,0,1,774.8546666666666,84.66666666666667,33888.31333333333,13.364733031268205,44.111111111111114,2.3333333333333335,275.1666666666667,1.34464
21,21T,Invasion,Invasion,Reference,0cm,95,6,12,330,474,50,1,0,1,684.1093333333333,96.66666666666667,31278.486666666664,13.364733031268205,44.111111111111114,2.3333333333333335,275.1666666666667,1.34464
22,22C,Drought + Invasion,Invasion,Drought,50cm,40,4,27,240,610,14.814814814814815,1,0,1,687.6166666666667,108,33479.96333333333,17.702659376779668,54.88888888888889,3,211.16666666666666,1.5778133333333333
22,22C,Drought + Invasion,Invasion,Drought,25cm,40,4,27,240,610,14.814814814814815,1,0,1,809.6113333333333,99.33333333333333,34155.53333333333,17.702659376779668,54.88888888888889,3,211.16666666666666,1.5778133333333333
22,22C,Drought + Invasion,Invasion,Drought,0cm,40,4,27,240,610,14.814814814814815,1,0,1,761.9713333333333,111.33333333333333,34996.86,17.702659376779668,54.88888888888889,3,211.16666666666666,1.5778133333333333
22,22F,Drought + Invasion,Invasion,Drought,50cm,100,1,1,82,82,100,0,1,0,687.6166666666667,108,33479.96333333333,17.702659376779668,54.88888888888889,3,211.16666666666666,1.5778133333333333
22,22F,Drought + Invasion,Invasion,Drought,25cm,100,1,1,82,82,100,0,1,0,809.6113333333333,99.33333333333333,34155.53333333333,17.702659376779668,54.88888888888889,3,211.16666666666666,1.5778133333333333
22,22F,Drought + Invasion,Invasion,Drought,0cm,100,1,1,82,82,100,0,1,0,761.9713333333333,111.33333333333333,34996.86,17.702659376779668,54.88888888888889,3,211.16666666666666,1.5778133333333333
23,23B,Reference,Reference,Reference,50cm,15,3,19,139,572,15.789473684210526,1,0,1,230.032,86,14744.723333333333,15.710992874659684,25.555555555555554,4.888888888888888,62.5,1.3597333333333335
23,23B,Reference,Reference,Reference,25cm,15,3,19,139,572,15.789473684210526,1,0,1,546.1106666666667,110.33333333333333,36000.21333333333,15.710992874659684,25.555555555555554,4.888888888888888,62.5,1.3597333333333335
23,23B,Reference,Reference,Reference,0cm,15,3,19,139,572,15.789473684210526,1,0,1,522.09,108,37386.14333333333,15.710992874659684,25.555555555555554,4.888888888888888,62.5,1.3597333333333335
23,23C,Reference,Reference,Reference,50cm,40,1,6,106,401,16.666666666666668,1,0,1,230.032,86,14744.723333333333,15.710992874659684,25.555555555555554,4.888888888888888,62.5,1.3597333333333335
23,23C,Reference,Reference,Reference,25cm,40,1,6,106,401,16.666666666666668,1,0,1,546.1106666666667,110.33333333333333,36000.21333333333,15.710992874659684,25.555555555555554,4.888888888888888,62.5,1.3597333333333335
23,23C,Reference,Reference,Reference,0cm,40,1,6,106,401,16.666666666666668,1,0,1,522.09,108,37386.14333333333,15.710992874659684,25.555555555555554,4.888888888888888,62.5,1.3597333333333335
23,23E,Reference,Reference,Reference,50cm,99,1,1,54,64,100,0,1,0,230.032,86,14744.723333333333,15.710992874659684,25.555555555555554,4.888888888888888,62.5,1.3597333333333335
23,23E,Reference,Reference,Reference,25cm,99,1,1,54,64,100,0,1,0,546.1106666666667,110.33333333333333,36000.21333333333,15.710992874659684,25.555555555555554,4.888888888888888,62.5,1.3597333333333335
23,23E,Reference,Reference,Reference,0cm,99,1,1,54,64,100,0,1,0,522.09,108,37386.14333333333,15.710992874659684,25.555555555555554,4.888888888888888,62.5,1.3597333333333335
23,23G,Reference,Reference,Reference,50cm,20,2,10,115,445,20,1,0,1,230.032,86,14744.723333333333,15.710992874659684,25.555555555555554,4.888888888888888,62.5,1.3597333333333335
23,23G,Reference,Reference,Reference,25cm,20,2,10,115,445,20,1,0,1,546.1106666666667,110.33333333333333,36000.21333333333,15.710992874659684,25.555555555555554,4.888888888888888,62.5,1.3597333333333335
23,23G,Reference,Reference,Reference,0cm,20,2,10,115,445,20,1,0,1,522.09,108,37386.14333333333,15.710992874659684,25.555555555555554,4.888888888888888,62.5,1.3597333333333335
23,23H,Reference,Reference,Reference,50cm,15,0,10,107,610,0,1,0,1,230.032,86,14744.723333333333,15.710992874659684,25.555555555555554,4.888888888888888,62.5,1.3597333333333335
23,23H,Reference,Reference,Reference,25cm,15,0,10,107,610,0,1,0,1,546.1106666666667,110.33333333333333,36000.21333333333,15.710992874659684,25.555555555555554,4.888888888888888,62.5,1.3597333333333335
23,23H,Reference,Reference,Reference,0cm,15,0,10,107,610,0,1,0,1,522.09,108,37386.14333333333,15.710992874659684,25.555555555555554,4.888888888888888,62.5,1.3597333333333335
23,23I,Reference,Reference,Reference,50cm,100,1,1,22,22,100,0,1,0,230.032,86,14744.723333333333,15.710992874659684,25.555555555555554,4.888888888888888,62.5,1.3597333333333335
23,23I,Reference,Reference,Reference,25cm,100,1,1,22,22,100,0,1,0,546.1106666666667,110.33333333333333,36000.21333333333,15.710992874659684,25.555555555555554,4.888888888888888,62.5,1.3597333333333335
23,23I,Reference,Reference,Reference,0cm,100,1,1,22,22,100,0,1,0,522.09,108,37386.14333333333,15.710992874659684,25.555555555555554,4.888888888888888,62.5,1.3597333333333335
23,23J,Reference,Reference,Reference,50cm,99,0,1,22,50,0,1,0,1,230.032,86,14744.723333333333,15.710992874659684,25.555555555555554,4.888888888888888,62.5,1.3597333333333335
23,23J,Reference,Reference,Reference,25cm,99,0,1,22,50,0,1,0,1,546.1106666666667,110.33333333333333,36000.21333333333,15.710992874659684,25.555555555555554,4.888888888888888,62.5,1.3597333333333335
23,23J,Reference,Reference,Reference,0cm,99,0,1,22,50,0,1,0,1,522.09,108,37386.14333333333,15.710992874659684,25.555555555555554,4.888888888888888,62.5,1.3597333333333335
23,23M,Reference,Reference,Reference,50cm,50,0,1,55,142,0,1,0,1,230.032,86,14744.723333333333,15.710992874659684,25.555555555555554,4.888888888888888,62.5,1.3597333333333335
23,23M,Reference,Reference,Reference,25cm,50,0,1,55,142,0,1,0,1,546.1106666666667,110.33333333333333,36000.21333333333,15.710992874659684,25.555555555555554,4.888888888888888,62.5,1.3597333333333335
23,23M,Reference,Reference,Reference,0cm,50,0,1,55,142,0,1,0,1,522.09,108,37386.14333333333,15.710992874659684,25.555555555555554,4.888888888888888,62.5,1.3597333333333335
23,23N,Reference,Reference,Reference,50cm,50,3,8,138,354,37.5,1,0,1,230.032,86,14744.723333333333,15.710992874659684,25.555555555555554,4.888888888888888,62.5,1.3597333333333335
23,23N,Reference,Reference,Reference,25cm,50,3,8,138,354,37.5,1,0,1,546.1106666666667,110.33333333333333,36000.21333333333,15.710992874659684,25.555555555555554,4.888888888888888,62.5,1.3597333333333335
23,23N,Reference,Reference,Reference,0cm,50,3,8,138,354,37.5,1,0,1,522.09,108,37386.14333333333,15.710992874659684,25.555555555555554,4.888888888888888,62.5,1.3597333333333335
23,23O,Reference,Reference,Reference,50cm,100,1,1,33,62,100,0,1,0,230.032,86,14744.723333333333,15.710992874659684,25.555555555555554,4.888888888888888,62.5,1.3597333333333335
23,23O,Reference,Reference,Reference,25cm,100,1,1,33,62,100,0,1,0,546.1106666666667,110.33333333333333,36000.21333333333,15.710992874659684,25.555555555555554,4.888888888888888,62.5,1.3597333333333335
23,23O,Reference,Reference,Reference,0cm,100,1,1,33,62,100,0,1,0,522.09,108,37386.14333333333,15.710992874659684,25.555555555555554,4.888888888888888,62.5,1.3597333333333335
23,23Q,Reference,Reference,Reference,50cm,50,0,1,18,61,0,1,0,1,230.032,86,14744.723333333333,15.710992874659684,25.555555555555554,4.888888888888888,62.5,1.3597333333333335
23,23Q,Reference,Reference,Reference,25cm,50,0,1,18,61,0,1,0,1,546.1106666666667,110.33333333333333,36000.21333333333,15.710992874659684,25.555555555555554,4.888888888888888,62.5,1.3597333333333335
23,23Q,Reference,Reference,Reference,0cm,50,0,1,18,61,0,1,0,1,522.09,108,37386.14333333333,15.710992874659684,25.555555555555554,4.888888888888888,62.5,1.3597333333333335
23,23R,Reference,Reference,Reference,50cm,95,0,1,14,20,0,1,0,1,230.032,86,14744.723333333333,15.710992874659684,25.555555555555554,4.888888888888888,62.5,1.3597333333333335
23,23R,Reference,Reference,Reference,25cm,95,0,1,14,20,0,1,0,1,546.1106666666667,110.33333333333333,36000.21333333333,15.710992874659684,25.555555555555554,4.888888888888888,62.5,1.3597333333333335
23,23R,Reference,Reference,Reference,0cm,95,0,1,14,20,0,1,0,1,522.09,108,37386.14333333333,15.710992874659684,25.555555555555554,4.888888888888888,62.5,1.3597333333333335
23,23T,Reference,Reference,Reference,50cm,70,0,1,18,71,0,1,0,1,230.032,86,14744.723333333333,15.710992874659684,25.555555555555554,4.888888888888888,62.5,1.3597333333333335
23,23T,Reference,Reference,Reference,25cm,70,0,1,18,71,0,1,0,1,546.1106666666667,110.33333333333333,36000.21333333333,15.710992874659684,25.555555555555554,4.888888888888888,62.5,1.3597333333333335
23,23T,Reference,Reference,Reference,0cm,70,0,1,18,71,0,1,0,1,522.09,108,37386.14333333333,15.710992874659684,25.555555555555554,4.888888888888888,62.5,1.3597333333333335
25,25A,Drought,Reference,Drought,50cm,25,5,24,286,512,20.833333333333332,1,0,1,335.41266666666667,106,23622.760000000002,12.204761427107675,22.88888888888889,3,24.166666666666668,0.7476266666666667
25,25A,Drought,Reference,Drought,25cm,25,5,24,286,512,20.833333333333332,1,0,1,277.85133333333334,136.5,27648.665,12.204761427107675,22.88888888888889,3,24.166666666666668,0.7476266666666667
25,25A,Drought,Reference,Drought,0cm,25,5,24,286,512,20.833333333333332,1,0,1,481.4373333333333,163,39507.73333333334,12.204761427107675,22.88888888888889,3,24.166666666666668,0.7476266666666667
25,25C,Drought,Reference,Drought,50cm,30,2,10,82,449,20,1,0,1,335.41266666666667,106,23622.760000000002,12.204761427107675,22.88888888888889,3,24.166666666666668,0.7476266666666667
25,25C,Drought,Reference,Drought,25cm,30,2,10,82,449,20,1,0,1,277.85133333333334,136.5,27648.665,12.204761427107675,22.88888888888889,3,24.166666666666668,0.7476266666666667
25,25C,Drought,Reference,Drought,0cm,30,2,10,82,449,20,1,0,1,481.4373333333333,163,39507.73333333334,12.204761427107675,22.88888888888889,3,24.166666666666668,0.7476266666666667
25,25E,Drought,Reference,Drought,50cm,10,1,5,58,279,20,1,0,1,335.41266666666667,106,23622.760000000002,12.204761427107675,22.88888888888889,3,24.166666666666668,0.7476266666666667
25,25E,Drought,Reference,Drought,25cm,10,1,5,58,279,20,1,0,1,277.85133333333334,136.5,27648.665,12.204761427107675,22.88888888888889,3,24.166666666666668,0.7476266666666667
25,25E,Drought,Reference,Drought,0cm,10,1,5,58,279,20,1,0,1,481.4373333333333,163,39507.73333333334,12.204761427107675,22.88888888888889,3,24.166666666666668,0.7476266666666667
25,25F,Drought,Reference,Drought,50cm,70,0,1,57,136,0,1,0,1,335.41266666666667,106,23622.760000000002,12.204761427107675,22.88888888888889,3,24.166666666666668,0.7476266666666667
25,25F,Drought,Reference,Drought,25cm,70,0,1,57,136,0,1,0,1,277.85133333333334,136.5,27648.665,12.204761427107675,22.88888888888889,3,24.166666666666668,0.7476266666666667
25,25F,Drought,Reference,Drought,0cm,70,0,1,57,136,0,1,0,1,481.4373333333333,163,39507.73333333334,12.204761427107675,22.88888888888889,3,24.166666666666668,0.7476266666666667
25,25G,Drought,Reference,Drought,50cm,10,2,23,82,547,8.695652173913043,1,0,1,335.41266666666667,106,23622.760000000002,12.204761427107675,22.88888888888889,3,24.166666666666668,0.7476266666666667
25,25G,Drought,Reference,Drought,25cm,10,2,23,82,547,8.695652173913043,1,0,1,277.85133333333334,136.5,27648.665,12.204761427107675,22.88888888888889,3,24.166666666666668,0.7476266666666667
25,25G,Drought,Reference,Drought,0cm,10,2,23,82,547,8.695652173913043,1,0,1,481.4373333333333,163,39507.73333333334,12.204761427107675,22.88888888888889,3,24.166666666666668,0.7476266666666667
25,25I,Drought,Reference,Drought,50cm,1,0,1,72,194,0,1,0,1,335.41266666666667,106,23622.760000000002,12.204761427107675,22.88888888888889,3,24.166666666666668,0.7476266666666667
25,25I,Drought,Reference,Drought,25cm,1,0,1,72,194,0,1,0,1,277.85133333333334,136.5,27648.665,12.204761427107675,22.88888888888889,3,24.166666666666668,0.7476266666666667
25,25I,Drought,Reference,Drought,0cm,1,0,1,72,194,0,1,0,1,481.4373333333333,163,39507.73333333334,12.204761427107675,22.88888888888889,3,24.166666666666668,0.7476266666666667
25,25L,Drought,Reference,Drought,50cm,15,3,20,110,491,15,1,0,1,335.41266666666667,106,23622.760000000002,12.204761427107675,22.88888888888889,3,24.166666666666668,0.7476266666666667
25,25L,Drought,Reference,Drought,25cm,15,3,20,110,491,15,1,0,1,277.85133333333334,136.5,27648.665,12.204761427107675,22.88888888888889,3,24.166666666666668,0.7476266666666667
25,25L,Drought,Reference,Drought,0cm,15,3,20,110,491,15,1,0,1,481.4373333333333,163,39507.73333333334,12.204761427107675,22.88888888888889,3,24.166666666666668,0.7476266666666667
25,25M,Drought,Reference,Drought,50cm,5,0,4,65,304,0,1,0,1,335.41266666666667,106,23622.760000000002,12.204761427107675,22.88888888888889,3,24.166666666666668,0.7476266666666667
25,25M,Drought,Reference,Drought,25cm,5,0,4,65,304,0,1,0,1,277.85133333333334,136.5,27648.665,12.204761427107675,22.88888888888889,3,24.166666666666668,0.7476266666666667
25,25M,Drought,Reference,Drought,0cm,5,0,4,65,304,0,1,0,1,481.4373333333333,163,39507.73333333334,12.204761427107675,22.88888888888889,3,24.166666666666668,0.7476266666666667
25,25P,Drought,Reference,Drought,50cm,60,0,1,50,88,0,1,0,1,335.41266666666667,106,23622.760000000002,12.204761427107675,22.88888888888889,3,24.166666666666668,0.7476266666666667
25,25P,Drought,Reference,Drought,25cm,60,0,1,50,88,0,1,0,1,277.85133333333334,136.5,27648.665,12.204761427107675,22.88888888888889,3,24.166666666666668,0.7476266666666667
25,25P,Drought,Reference,Drought,0cm,60,0,1,50,88,0,1,0,1,481.4373333333333,163,39507.73333333334,12.204761427107675,22.88888888888889,3,24.166666666666668,0.7476266666666667
25,25Q,Drought,Reference,Drought,50cm,5,0,13,52,395,0,1,0,1,335.41266666666667,106,23622.760000000002,12.204761427107675,22.88888888888889,3,24.166666666666668,0.7476266666666667
25,25Q,Drought,Reference,Drought,25cm,5,0,13,52,395,0,1,0,1,277.85133333333334,136.5,27648.665,12.204761427107675,22.88888888888889,3,24.166666666666668,0.7476266666666667
25,25Q,Drought,Reference,Drought,0cm,5,0,13,52,395,0,1,0,1,481.4373333333333,163,39507.73333333334,12.204761427107675,22.88888888888889,3,24.166666666666668,0.7476266666666667
26,26B,Reference,Reference,Reference,50cm,1,3,13,51,304,23.076923076923077,1,0,1,180.47400000000002,47.333333333333336,6780.25,39.21951938388072,31.22222222222222,1.8333333333333333,27.333333333333332,0.42672
26,26B,Reference,Reference,Reference,25cm,1,3,13,51,304,23.076923076923077,1,0,1,283.5213333333333,69,13172.76,39.21951938388072,31.22222222222222,1.8333333333333333,27.333333333333332,0.42672
26,26B,Reference,Reference,Reference,0cm,1,3,13,51,304,23.076923076923077,1,0,1,442.038,89,23434.24,39.21951938388072,31.22222222222222,1.8333333333333333,27.333333333333332,0.42672
26,26G,Reference,Reference,Reference,50cm,20,2,7,67,201,28.571428571428573,1,0,1,180.47400000000002,47.333333333333336,6780.25,39.21951938388072,31.22222222222222,1.8333333333333333,27.333333333333332,0.42672
26,26G,Reference,Reference,Reference,25cm,20,2,7,67,201,28.571428571428573,1,0,1,283.5213333333333,69,13172.76,39.21951938388072,31.22222222222222,1.8333333333333333,27.333333333333332,0.42672
26,26G,Reference,Reference,Reference,0cm,20,2,7,67,201,28.571428571428573,1,0,1,442.038,89,23434.24,39.21951938388072,31.22222222222222,1.8333333333333333,27.333333333333332,0.42672
26,26H,Reference,Reference,Reference,50cm,40,0,1,10,19,0,1,0,1,180.47400000000002,47.333333333333336,6780.25,39.21951938388072,31.22222222222222,1.8333333333333333,27.333333333333332,0.42672
26,26H,Reference,Reference,Reference,25cm,40,0,1,10,19,0,1,0,1,283.5213333333333,69,13172.76,39.21951938388072,31.22222222222222,1.8333333333333333,27.333333333333332,0.42672
26,26H,Reference,Reference,Reference,0cm,40,0,1,10,19,0,1,0,1,442.038,89,23434.24,39.21951938388072,31.22222222222222,1.8333333333333333,27.333333333333332,0.42672
26,26L,Reference,Reference,Reference,50cm,30,0,1,10,10,0,1,0,1,180.47400000000002,47.333333333333336,6780.25,39.21951938388072,31.22222222222222,1.8333333333333333,27.333333333333332,0.42672
26,26L,Reference,Reference,Reference,25cm,30,0,1,10,10,0,1,0,1,283.5213333333333,69,13172.76,39.21951938388072,31.22222222222222,1.8333333333333333,27.333333333333332,0.42672
26,26L,Reference,Reference,Reference,0cm,30,0,1,10,10,0,1,0,1,442.038,89,23434.24,39.21951938388072,31.22222222222222,1.8333333333333333,27.333333333333332,0.42672
26,26N,Reference,Reference,Reference,50cm,5,1,5,64,245,20,1,0,1,180.47400000000002,47.333333333333336,6780.25,39.21951938388072,31.22222222222222,1.8333333333333333,27.333333333333332,0.42672
26,26N,Reference,Reference,Reference,25cm,5,1,5,64,245,20,1,0,1,283.5213333333333,69,13172.76,39.21951938388072,31.22222222222222,1.8333333333333333,27.333333333333332,0.42672
26,26N,Reference,Reference,Reference,0cm,5,1,5,64,245,20,1,0,1,442.038,89,23434.24,39.21951938388072,31.22222222222222,1.8333333333333333,27.333333333333332,0.42672
26,26Q,Reference,Reference,Reference,50cm,50,0,1,70,93,0,1,0,1,180.47400000000002,47.333333333333336,6780.25,39.21951938388072,31.22222222222222,1.8333333333333333,27.333333333333332,0.42672
26,26Q,Reference,Reference,Reference,25cm,50,0,1,70,93,0,1,0,1,283.5213333333333,69,13172.76,39.21951938388072,31.22222222222222,1.8333333333333333,27.333333333333332,0.42672
26,26Q,Reference,Reference,Reference,0cm,50,0,1,70,93,0,1,0,1,442.038,89,23434.24,39.21951938388072,31.22222222222222,1.8333333333333333,27.333333333333332,0.42672
26,26R,Reference,Reference,Reference,50cm,3,0,10,74,399,0,1,0,1,180.47400000000002,47.333333333333336,6780.25,39.21951938388072,31.22222222222222,1.8333333333333333,27.333333333333332,0.42672
26,26R,Reference,Reference,Reference,25cm,3,0,10,74,399,0,1,0,1,283.5213333333333,69,13172.76,39.21951938388072,31.22222222222222,1.8333333333333333,27.333333333333332,0.42672
26,26R,Reference,Reference,Reference,0cm,3,0,10,74,399,0,1,0,1,442.038,89,23434.24,39.21951938388072,31.22222222222222,1.8333333333333333,27.333333333333332,0.42672
26,26S,Reference,Reference,Reference,50cm,2,2,15,49,426,13.333333333333334,1,0,1,180.47400000000002,47.333333333333336,6780.25,39.21951938388072,31.22222222222222,1.8333333333333333,27.333333333333332,0.42672
26,26S,Reference,Reference,Reference,25cm,2,2,15,49,426,13.333333333333334,1,0,1,283.5213333333333,69,13172.76,39.21951938388072,31.22222222222222,1.8333333333333333,27.333333333333332,0.42672
26,26S,Reference,Reference,Reference,0cm,2,2,15,49,426,13.333333333333334,1,0,1,442.038,89,23434.24,39.21951938388072,31.22222222222222,1.8333333333333333,27.333333333333332,0.42672
28,28B,Invasion,Invasion,Reference,50cm,45,2,11,165,314,18.181818181818183,1,0,1,460.5806666666667,96.33333333333333,22609.316666666666,16.107304884382305,27.11111111111111,1.0555555555555556,155.33333333333334,1.1747733333333334
28,28B,Invasion,Invasion,Reference,25cm,45,2,11,165,314,18.181818181818183,1,0,1,588.6073333333334,99.66666666666667,26583.503333333334,16.107304884382305,27.11111111111111,1.0555555555555556,155.33333333333334,1.1747733333333334
28,28B,Invasion,Invasion,Reference,0cm,45,2,11,165,314,18.181818181818183,1,0,1,595.1313333333334,87.33333333333333,27021.936666666665,16.107304884382305,27.11111111111111,1.0555555555555556,155.33333333333334,1.1747733333333334
29,29B,Invasion,Invasion,Reference,50cm,40,1,19,427,635,5.2631578947368425,1,0,1,596.6746666666667,105.33333333333333,31351,17.874109121814598,43.44444444444444,2.6666666666666665,198.16666666666666,1.2656533333333335
29,29B,Invasion,Invasion,Reference,25cm,40,1,19,427,635,5.2631578947368425,1,0,1,676.2786666666667,113,34712,17.874109121814598,43.44444444444444,2.6666666666666665,198.16666666666666,1.2656533333333335
29,29B,Invasion,Invasion,Reference,0cm,40,1,19,427,635,5.2631578947368425,1,0,1,560.7626666666666,114.66666666666667,32909.03333333333,17.874109121814598,43.44444444444444,2.6666666666666665,198.16666666666666,1.2656533333333335
29,29C,Invasion,Invasion,Reference,50cm,80,15,28,417,623,53.57142857142857,1,0,1,596.6746666666667,105.33333333333333,31351,17.874109121814598,43.44444444444444,2.6666666666666665,198.16666666666666,1.2656533333333335
29,29C,Invasion,Invasion,Reference,25cm,80,15,28,417,623,53.57142857142857,1,0,1,676.2786666666667,113,34712,17.874109121814598,43.44444444444444,2.6666666666666665,198.16666666666666,1.2656533333333335
29,29C,Invasion,Invasion,Reference,0cm,80,15,28,417,623,53.57142857142857,1,0,1,560.7626666666666,114.66666666666667,32909.03333333333,17.874109121814598,43.44444444444444,2.6666666666666665,198.16666666666666,1.2656533333333335
29,29L,Invasion,Invasion,Reference,50cm,80,6,13,264,502,46.15384615384615,1,0,1,596.6746666666667,105.33333333333333,31351,17.874109121814598,43.44444444444444,2.6666666666666665,198.16666666666666,1.2656533333333335
29,29L,Invasion,Invasion,Reference,25cm,80,6,13,264,502,46.15384615384615,1,0,1,676.2786666666667,113,34712,17.874109121814598,43.44444444444444,2.6666666666666665,198.16666666666666,1.2656533333333335
29,29L,Invasion,Invasion,Reference,0cm,80,6,13,264,502,46.15384615384615,1,0,1,560.7626666666666,114.66666666666667,32909.03333333333,17.874109121814598,43.44444444444444,2.6666666666666665,198.16666666666666,1.2656533333333335
29,29N,Invasion,Invasion,Reference,50cm,60,6,11,323,555,54.54545454545455,1,0,1,596.6746666666667,105.33333333333333,31351,17.874109121814598,43.44444444444444,2.6666666666666665,198.16666666666666,1.2656533333333335
29,29N,Invasion,Invasion,Reference,25cm,60,6,11,323,555,54.54545454545455,1,0,1,676.2786666666667,113,34712,17.874109121814598,43.44444444444444,2.6666666666666665,198.16666666666666,1.2656533333333335
29,29N,Invasion,Invasion,Reference,0cm,60,6,11,323,555,54.54545454545455,1,0,1,560.7626666666666,114.66666666666667,32909.03333333333,17.874109121814598,43.44444444444444,2.6666666666666665,198.16666666666666,1.2656533333333335
29,29O,Invasion,Invasion,Reference,50cm,90,4,8,209,378,50,1,0,1,596.6746666666667,105.33333333333333,31351,17.874109121814598,43.44444444444444,2.6666666666666665,198.16666666666666,1.2656533333333335
29,29O,Invasion,Invasion,Reference,25cm,90,4,8,209,378,50,1,0,1,676.2786666666667,113,34712,17.874109121814598,43.44444444444444,2.6666666666666665,198.16666666666666,1.2656533333333335
29,29O,Invasion,Invasion,Reference,0cm,90,4,8,209,378,50,1,0,1,560.7626666666666,114.66666666666667,32909.03333333333,17.874109121814598,43.44444444444444,2.6666666666666665,198.16666666666666,1.2656533333333335
30,30A,Drought + Invasion,Invasion,Drought,50cm,90,3,5,143,310,60,1,0,1,504.06466666666665,138.33333333333334,34029.323333333334,15.070758256353635,22.666666666666668,8.777777777777779,208.83333333333334,1.0909866666666668
30,30A,Drought + Invasion,Invasion,Drought,25cm,90,3,5,143,310,60,1,0,1,678.2166666666667,157,47175.886666666665,15.070758256353635,22.666666666666668,8.777777777777779,208.83333333333334,1.0909866666666668
30,30A,Drought + Invasion,Invasion,Drought,0cm,90,3,5,143,310,60,1,0,1,728.8386666666667,205,62003.14333333333,15.070758256353635,22.666666666666668,8.777777777777779,208.83333333333334,1.0909866666666668
30,30B,Drought + Invasion,Invasion,Drought,50cm,15,1,23,263,581,4.3478260869565215,1,0,1,504.06466666666665,138.33333333333334,34029.323333333334,15.070758256353635,22.666666666666668,8.777777777777779,208.83333333333334,1.0909866666666668
30,30B,Drought + Invasion,Invasion,Drought,25cm,15,1,23,263,581,4.3478260869565215,1,0,1,678.2166666666667,157,47175.886666666665,15.070758256353635,22.666666666666668,8.777777777777779,208.83333333333334,1.0909866666666668
30,30B,Drought + Invasion,Invasion,Drought,0cm,15,1,23,263,581,4.3478260869565215,1,0,1,728.8386666666667,205,62003.14333333333,15.070758256353635,22.666666666666668,8.777777777777779,208.83333333333334,1.0909866666666668
30,30C,Drought + Invasion,Invasion,Drought,50cm,95,7,9,212,259,77.77777777777777,1,0,1,504.06466666666665,138.33333333333334,34029.323333333334,15.070758256353635,22.666666666666668,8.777777777777779,208.83333333333334,1.0909866666666668
30,30C,Drought + Invasion,Invasion,Drought,25cm,95,7,9,212,259,77.77777777777777,1,0,1,678.2166666666667,157,47175.886666666665,15.070758256353635,22.666666666666668,8.777777777777779,208.83333333333334,1.0909866666666668
30,30C,Drought + Invasion,Invasion,Drought,0cm,95,7,9,212,259,77.77777777777777,1,0,1,728.8386666666667,205,62003.14333333333,15.070758256353635,22.666666666666668,8.777777777777779,208.83333333333334,1.0909866666666668
30,30D,Drought + Invasion,Invasion,Drought,50cm,85,5,15,219,393,33.333333333333336,1,0,1,504.06466666666665,138.33333333333334,34029.323333333334,15.070758256353635,22.666666666666668,8.777777777777779,208.83333333333334,1.0909866666666668
30,30D,Drought + Invasion,Invasion,Drought,25cm,85,5,15,219,393,33.333333333333336,1,0,1,678.2166666666667,157,47175.886666666665,15.070758256353635,22.666666666666668,8.777777777777779,208.83333333333334,1.0909866666666668
30,30D,Drought + Invasion,Invasion,Drought,0cm,85,5,15,219,393,33.333333333333336,1,0,1,728.8386666666667,205,62003.14333333333,15.070758256353635,22.666666666666668,8.777777777777779,208.83333333333334,1.0909866666666668
30,30E,Drought + Invasion,Invasion,Drought,50cm,100,2,2,148,174,100,0,1,0,504.06466666666665,138.33333333333334,34029.323333333334,15.070758256353635,22.666666666666668,8.777777777777779,208.83333333333334,1.0909866666666668
30,30E,Drought + Invasion,Invasion,Drought,25cm,100,2,2,148,174,100,0,1,0,678.2166666666667,157,47175.886666666665,15.070758256353635,22.666666666666668,8.777777777777779,208.83333333333334,1.0909866666666668
30,30E,Drought + Invasion,Invasion,Drought,0cm,100,2,2,148,174,100,0,1,0,728.8386666666667,205,62003.14333333333,15.070758256353635,22.666666666666668,8.777777777777779,208.83333333333334,1.0909866666666668
30,30J,Drought + Invasion,Invasion,Drought,50cm,80,9,25,220,654,36,1,0,1,504.06466666666665,138.33333333333334,34029.323333333334,15.070758256353635,22.666666666666668,8.777777777777779,208.83333333333334,1.0909866666666668
30,30J,Drought + Invasion,Invasion,Drought,25cm,80,9,25,220,654,36,1,0,1,678.2166666666667,157,47175.886666666665,15.070758256353635,22.666666666666668,8.777777777777779,208.83333333333334,1.0909866666666668
30,30J,Drought + Invasion,Invasion,Drought,0cm,80,9,25,220,654,36,1,0,1,728.8386666666667,205,62003.14333333333,15.070758256353635,22.666666666666668,8.777777777777779,208.83333333333334,1.0909866666666668
30,30K,Drought + Invasion,Invasion,Drought,50cm,60,4,11,182,521,36.36363636363637,1,0,1,504.06466666666665,138.33333333333334,34029.323333333334,15.070758256353635,22.666666666666668,8.777777777777779,208.83333333333334,1.0909866666666668
30,30K,Drought + Invasion,Invasion,Drought,25cm,60,4,11,182,521,36.36363636363637,1,0,1,678.2166666666667,157,47175.886666666665,15.070758256353635,22.666666666666668,8.777777777777779,208.83333333333334,1.0909866666666668
30,30K,Drought + Invasion,Invasion,Drought,0cm,60,4,11,182,521,36.36363636363637,1,0,1,728.8386666666667,205,62003.14333333333,15.070758256353635,22.666666666666668,8.777777777777779,208.83333333333334,1.0909866666666668
30,30L,Drought + Invasion,Invasion,Drought,50cm,40,4,11,198,434,36.36363636363637,1,0,1,504.06466666666665,138.33333333333334,34029.323333333334,15.070758256353635,22.666666666666668,8.777777777777779,208.83333333333334,1.0909866666666668
30,30L,Drought + Invasion,Invasion,Drought,25cm,40,4,11,198,434,36.36363636363637,1,0,1,678.2166666666667,157,47175.886666666665,15.070758256353635,22.666666666666668,8.777777777777779,208.83333333333334,1.0909866666666668
30,30L,Drought + Invasion,Invasion,Drought,0cm,40,4,11,198,434,36.36363636363637,1,0,1,728.8386666666667,205,62003.14333333333,15.070758256353635,22.666666666666668,8.777777777777779,208.83333333333334,1.0909866666666668
30,30P,Drought + Invasion,Invasion,Drought,50cm,90,4,4,100,243,100,0,1,0,504.06466666666665,138.33333333333334,34029.323333333334,15.070758256353635,22.666666666666668,8.777777777777779,208.83333333333334,1.0909866666666668
30,30P,Drought + Invasion,Invasion,Drought,25cm,90,4,4,100,243,100,0,1,0,678.2166666666667,157,47175.886666666665,15.070758256353635,22.666666666666668,8.777777777777779,208.83333333333334,1.0909866666666668
30,30P,Drought + Invasion,Invasion,Drought,0cm,90,4,4,100,243,100,0,1,0,728.8386666666667,205,62003.14333333333,15.070758256353635,22.666666666666668,8.777777777777779,208.83333333333334,1.0909866666666668
30,30S,Drought + Invasion,Invasion,Drought,50cm,70,8,14,227,486,57.142857142857146,1,0,1,504.06466666666665,138.33333333333334,34029.323333333334,15.070758256353635,22.666666666666668,8.777777777777779,208.83333333333334,1.0909866666666668
30,30S,Drought + Invasion,Invasion,Drought,25cm,70,8,14,227,486,57.142857142857146,1,0,1,678.2166666666667,157,47175.886666666665,15.070758256353635,22.666666666666668,8.777777777777779,208.83333333333334,1.0909866666666668
30,30S,Drought + Invasion,Invasion,Drought,0cm,70,8,14,227,486,57.142857142857146,1,0,1,728.8386666666667,205,62003.14333333333,15.070758256353635,22.666666666666668,8.777777777777779,208.83333333333334,1.0909866666666668
31,31A,Reference,Reference,Reference,50cm,30,4,6,65,180,66.66666666666667,1,0,1,297.36333333333334,91.66666666666667,17223.226666666666,18.614763948097075,26,2.6666666666666665,47.833333333333336,0.76256
31,31A,Reference,Reference,Reference,25cm,30,4,6,65,180,66.66666666666667,1,0,1,467.13533333333334,80,20014.370000000003,18.614763948097075,26,2.6666666666666665,47.833333333333336,0.76256
31,31A,Reference,Reference,Reference,0cm,30,4,6,65,180,66.66666666666667,1,0,1,600.4200000000001,132,39742.65,18.614763948097075,26,2.6666666666666665,47.833333333333336,0.76256
31,31B,Reference,Reference,Reference,50cm,15,1,14,74,145,7.142857142857143,1,0,1,297.36333333333334,91.66666666666667,17223.226666666666,18.614763948097075,26,2.6666666666666665,47.833333333333336,0.76256
31,31B,Reference,Reference,Reference,25cm,15,1,14,74,145,7.142857142857143,1,0,1,467.13533333333334,80,20014.370000000003,18.614763948097075,26,2.6666666666666665,47.833333333333336,0.76256
31,31B,Reference,Reference,Reference,0cm,15,1,14,74,145,7.142857142857143,1,0,1,600.4200000000001,132,39742.65,18.614763948097075,26,2.6666666666666665,47.833333333333336,0.76256
31,31C,Reference,Reference,Reference,50cm,10,1,18,93,464,5.555555555555555,1,0,1,297.36333333333334,91.66666666666667,17223.226666666666,18.614763948097075,26,2.6666666666666665,47.833333333333336,0.76256
31,31C,Reference,Reference,Reference,25cm,10,1,18,93,464,5.555555555555555,1,0,1,467.13533333333334,80,20014.370000000003,18.614763948097075,26,2.6666666666666665,47.833333333333336,0.76256
31,31C,Reference,Reference,Reference,0cm,10,1,18,93,464,5.555555555555555,1,0,1,600.4200000000001,132,39742.65,18.614763948097075,26,2.6666666666666665,47.833333333333336,0.76256
31,31R,Reference,Reference,Reference,50cm,15,2,11,96,350,18.181818181818183,1,0,1,297.36333333333334,91.66666666666667,17223.226666666666,18.614763948097075,26,2.6666666666666665,47.833333333333336,0.76256
31,31R,Reference,Reference,Reference,25cm,15,2,11,96,350,18.181818181818183,1,0,1,467.13533333333334,80,20014.370000000003,18.614763948097075,26,2.6666666666666665,47.833333333333336,0.76256
31,31R,Reference,Reference,Reference,0cm,15,2,11,96,350,18.181818181818183,1,0,1,600.4200000000001,132,39742.65,18.614763948097075,26,2.6666666666666665,47.833333333333336,0.76256
32,32R,Drought,Reference,Drought,50cm,75,0,2,42,119,0,1,0,1,105.114,18.5,2123.7799999999997,28.03981149990255,54.333333333333336,0.7777777777777778,4.333333333333333,0.50192
32,32R,Drought,Reference,Drought,25cm,75,0,2,42,119,0,1,0,1,138.51733333333334,65.5,10507.925,28.03981149990255,54.333333333333336,0.7777777777777778,4.333333333333333,0.50192
32,32R,Drought,Reference,Drought,0cm,75,0,2,42,119,0,1,0,1,316.47999999999996,73.33333333333333,15807.286666666665,28.03981149990255,54.333333333333336,0.7777777777777778,4.333333333333333,0.50192
33,33L,Drought + Invasion,Invasion,Drought,50cm,95,4,4,170,336,100,0,1,0,641.5573333333333,103.66666666666667,31802.373333333333,27.11567467090602,60.55555555555556,1.1666666666666667,175.5,0.9931733333333334
33,33L,Drought + Invasion,Invasion,Drought,25cm,95,4,4,170,336,100,0,1,0,721.2940000000001,87.5,33977.16,27.11567467090602,60.55555555555556,1.1666666666666667,175.5,0.9931733333333334
33,33L,Drought + Invasion,Invasion,Drought,0cm,95,4,4,170,336,100,0,1,0,738.2366666666667,109,39500.7,27.11567467090602,60.55555555555556,1.1666666666666667,175.5,0.9931733333333334
33,33P,Drought + Invasion,Invasion,Drought,50cm,60,3,7,164,340,42.857142857142854,1,0,1,641.5573333333333,103.66666666666667,31802.373333333333,27.11567467090602,60.55555555555556,1.1666666666666667,175.5,0.9931733333333334
33,33P,Drought + Invasion,Invasion,Drought,25cm,60,3,7,164,340,42.857142857142854,1,0,1,721.2940000000001,87.5,33977.16,27.11567467090602,60.55555555555556,1.1666666666666667,175.5,0.9931733333333334
33,33P,Drought + Invasion,Invasion,Drought,0cm,60,3,7,164,340,42.857142857142854,1,0,1,738.2366666666667,109,39500.7,27.11567467090602,60.55555555555556,1.1666666666666667,175.5,0.9931733333333334
33,33Q,Drought + Invasion,Invasion,Drought,50cm,100,1,1,109,147,100,0,1,0,641.5573333333333,103.66666666666667,31802.373333333333,27.11567467090602,60.55555555555556,1.1666666666666667,175.5,0.9931733333333334
33,33Q,Drought + Invasion,Invasion,Drought,25cm,100,1,1,109,147,100,0,1,0,721.2940000000001,87.5,33977.16,27.11567467090602,60.55555555555556,1.1666666666666667,175.5,0.9931733333333334
33,33Q,Drought + Invasion,Invasion,Drought,0cm,100,1,1,109,147,100,0,1,0,738.2366666666667,109,39500.7,27.11567467090602,60.55555555555556,1.1666666666666667,175.5,0.9931733333333334
33,33T,Drought + Invasion,Invasion,Drought,50cm,100,1,1,62,62,100,0,1,0,641.5573333333333,103.66666666666667,31802.373333333333,27.11567467090602,60.55555555555556,1.1666666666666667,175.5,0.9931733333333334
33,33T,Drought + Invasion,Invasion,Drought,25cm,100,1,1,62,62,100,0,1,0,721.2940000000001,87.5,33977.16,27.11567467090602,60.55555555555556,1.1666666666666667,175.5,0.9931733333333334
33,33T,Drought + Invasion,Invasion,Drought,0cm,100,1,1,62,62,100,0,1,0,738.2366666666667,109,39500.7,27.11567467090602,60.55555555555556,1.1666666666666667,175.5,0.9931733333333334
34,34C,Reference,Reference,Reference,50cm,15,0,14,79,486,0,1,0,1,182.17333333333335,66.33333333333333,12079.869999999999,19.440944758704905,13.88888888888889,5.166666666666667,37.833333333333336,0.8478933333333334
34,34C,Reference,Reference,Reference,25cm,15,0,14,79,486,0,1,0,1,170.978,97.5,12553.92,19.440944758704905,13.88888888888889,5.166666666666667,37.833333333333336,0.8478933333333334
34,34C,Reference,Reference,Reference,0cm,15,0,14,79,486,0,1,0,1,621.9933333333333,130.66666666666666,46149.58,19.440944758704905,13.88888888888889,5.166666666666667,37.833333333333336,0.8478933333333334
34,34I,Reference,Reference,Reference,50cm,50,0,1,18,33,0,1,0,1,182.17333333333335,66.33333333333333,12079.869999999999,19.440944758704905,13.88888888888889,5.166666666666667,37.833333333333336,0.8478933333333334
34,34I,Reference,Reference,Reference,25cm,50,0,1,18,33,0,1,0,1,170.978,97.5,12553.92,19.440944758704905,13.88888888888889,5.166666666666667,37.833333333333336,0.8478933333333334
34,34I,Reference,Reference,Reference,0cm,50,0,1,18,33,0,1,0,1,621.9933333333333,130.66666666666666,46149.58,19.440944758704905,13.88888888888889,5.166666666666667,37.833333333333336,0.8478933333333334
34,34J,Reference,Reference,Reference,50cm,60,2,8,104,370,25,1,0,1,182.17333333333335,66.33333333333333,12079.869999999999,19.440944758704905,13.88888888888889,5.166666666666667,37.833333333333336,0.8478933333333334
34,34J,Reference,Reference,Reference,25cm,60,2,8,104,370,25,1,0,1,170.978,97.5,12553.92,19.440944758704905,13.88888888888889,5.166666666666667,37.833333333333336,0.8478933333333334
34,34J,Reference,Reference,Reference,0cm,60,2,8,104,370,25,1,0,1,621.9933333333333,130.66666666666666,46149.58,19.440944758704905,13.88888888888889,5.166666666666667,37.833333333333336,0.8478933333333334
34,34N,Reference,Reference,Reference,50cm,70,4,22,102,574,18.181818181818183,1,0,1,182.17333333333335,66.33333333333333,12079.869999999999,19.440944758704905,13.88888888888889,5.166666666666667,37.833333333333336,0.8478933333333334
34,34N,Reference,Reference,Reference,25cm,70,4,22,102,574,18.181818181818183,1,0,1,170.978,97.5,12553.92,19.440944758704905,13.88888888888889,5.166666666666667,37.833333333333336,0.8478933333333334
34,34N,Reference,Reference,Reference,0cm,70,4,22,102,574,18.181818181818183,1,0,1,621.9933333333333,130.66666666666666,46149.58,19.440944758704905,13.88888888888889,5.166666666666667,37.833333333333336,0.8478933333333334
34,34O,Reference,Reference,Reference,50cm,90,0,1,120,177,0,1,0,1,182.17333333333335,66.33333333333333,12079.869999999999,19.440944758704905,13.88888888888889,5.166666666666667,37.833333333333336,0.8478933333333334
34,34O,Reference,Reference,Reference,25cm,90,0,1,120,177,0,1,0,1,170.978,97.5,12553.92,19.440944758704905,13.88888888888889,5.166666666666667,37.833333333333336,0.8478933333333334
34,34O,Reference,Reference,Reference,0cm,90,0,1,120,177,0,1,0,1,621.9933333333333,130.66666666666666,46149.58,19.440944758704905,13.88888888888889,5.166666666666667,37.833333333333336,0.8478933333333334
34,34P,Reference,Reference,Reference,50cm,20,1,13,115,494,7.6923076923076925,1,0,1,182.17333333333335,66.33333333333333,12079.869999999999,19.440944758704905,13.88888888888889,5.166666666666667,37.833333333333336,0.8478933333333334
34,34P,Reference,Reference,Reference,25cm,20,1,13,115,494,7.6923076923076925,1,0,1,170.978,97.5,12553.92,19.440944758704905,13.88888888888889,5.166666666666667,37.833333333333336,0.8478933333333334
34,34P,Reference,Reference,Reference,0cm,20,1,13,115,494,7.6923076923076925,1,0,1,621.9933333333333,130.66666666666666,46149.58,19.440944758704905,13.88888888888889,5.166666666666667,37.833333333333336,0.8478933333333334
34,34Q,Reference,Reference,Reference,50cm,50,3,19,99,568,15.789473684210526,1,0,1,182.17333333333335,66.33333333333333,12079.869999999999,19.440944758704905,13.88888888888889,5.166666666666667,37.833333333333336,0.8478933333333334
34,34Q,Reference,Reference,Reference,25cm,50,3,19,99,568,15.789473684210526,1,0,1,170.978,97.5,12553.92,19.440944758704905,13.88888888888889,5.166666666666667,37.833333333333336,0.8478933333333334
34,34Q,Reference,Reference,Reference,0cm,50,3,19,99,568,15.789473684210526,1,0,1,621.9933333333333,130.66666666666666,46149.58,19.440944758704905,13.88888888888889,5.166666666666667,37.833333333333336,0.8478933333333334
34,34S,Reference,Reference,Reference,50cm,30,3,21,110,539,14.285714285714286,1,0,1,182.17333333333335,66.33333333333333,12079.869999999999,19.440944758704905,13.88888888888889,5.166666666666667,37.833333333333336,0.8478933333333334
34,34S,Reference,Reference,Reference,25cm,30,3,21,110,539,14.285714285714286,1,0,1,170.978,97.5,12553.92,19.440944758704905,13.88888888888889,5.166666666666667,37.833333333333336,0.8478933333333334
34,34S,Reference,Reference,Reference,0cm,30,3,21,110,539,14.285714285714286,1,0,1,621.9933333333333,130.66666666666666,46149.58,19.440944758704905,13.88888888888889,5.166666666666667,37.833333333333336,0.8478933333333334
34,34T,Reference,Reference,Reference,50cm,30,3,14,105,498,21.428571428571427,1,0,1,182.17333333333335,66.33333333333333,12079.869999999999,19.440944758704905,13.88888888888889,5.166666666666667,37.833333333333336,0.8478933333333334
34,34T,Reference,Reference,Reference,25cm,30,3,14,105,498,21.428571428571427,1,0,1,170.978,97.5,12553.92,19.440944758704905,13.88888888888889,5.166666666666667,37.833333333333336,0.8478933333333334
34,34T,Reference,Reference,Reference,0cm,30,3,14,105,498,21.428571428571427,1,0,1,621.9933333333333,130.66666666666666,46149.58,19.440944758704905,13.88888888888889,5.166666666666667,37.833333333333336,0.8478933333333334
35,35S,Drought,Reference,Drought,50cm,75,8,15,143,277,53.333333333333336,1,0,1,355.93066666666664,74.66666666666667,15731.573333333334,15.367669922466675,31,1.1111111111111112,106.33333333333333,1.41184
35,35S,Drought,Reference,Drought,25cm,75,8,15,143,277,53.333333333333336,1,0,1,433.616,82,19833.89,15.367669922466675,31,1.1111111111111112,106.33333333333333,1.41184
35,35S,Drought,Reference,Drought,0cm,75,8,15,143,277,53.333333333333336,1,0,1,629.024,97.66666666666667,33149.35333333333,15.367669922466675,31,1.1111111111111112,106.33333333333333,1.41184
37,37A,Reference,Reference,Reference,50cm,50,0,6,95,416,0,1,0,1,256.3593333333333,101.33333333333333,16730.146666666667,20.929932408641097,25.22222222222222,6,60.333333333333336,0.6994133333333333
37,37A,Reference,Reference,Reference,25cm,50,0,6,95,416,0,1,0,1,328.192,115.5,22037.765,20.929932408641097,25.22222222222222,6,60.333333333333336,0.6994133333333333
37,37A,Reference,Reference,Reference,0cm,50,0,6,95,416,0,1,0,1,426.06333333333333,88.66666666666667,19528.376666666667,20.929932408641097,25.22222222222222,6,60.333333333333336,0.6994133333333333
37,37B,Reference,Reference,Reference,50cm,80,2,3,133,405,66.66666666666667,1,0,1,256.3593333333333,101.33333333333333,16730.146666666667,20.929932408641097,25.22222222222222,6,60.333333333333336,0.6994133333333333
37,37B,Reference,Reference,Reference,25cm,80,2,3,133,405,66.66666666666667,1,0,1,328.192,115.5,22037.765,20.929932408641097,25.22222222222222,6,60.333333333333336,0.6994133333333333
37,37B,Reference,Reference,Reference,0cm,80,2,3,133,405,66.66666666666667,1,0,1,426.06333333333333,88.66666666666667,19528.376666666667,20.929932408641097,25.22222222222222,6,60.333333333333336,0.6994133333333333
37,37C,Reference,Reference,Reference,50cm,60,0,15,137,310,0,1,0,1,256.3593333333333,101.33333333333333,16730.146666666667,20.929932408641097,25.22222222222222,6,60.333333333333336,0.6994133333333333
37,37C,Reference,Reference,Reference,25cm,60,0,15,137,310,0,1,0,1,328.192,115.5,22037.765,20.929932408641097,25.22222222222222,6,60.333333333333336,0.6994133333333333
37,37C,Reference,Reference,Reference,0cm,60,0,15,137,310,0,1,0,1,426.06333333333333,88.66666666666667,19528.376666666667,20.929932408641097,25.22222222222222,6,60.333333333333336,0.6994133333333333
37,37D,Reference,Reference,Reference,50cm,70,8,10,210,413,80,1,0,1,256.3593333333333,101.33333333333333,16730.146666666667,20.929932408641097,25.22222222222222,6,60.333333333333336,0.6994133333333333
37,37D,Reference,Reference,Reference,25cm,70,8,10,210,413,80,1,0,1,328.192,115.5,22037.765,20.929932408641097,25.22222222222222,6,60.333333333333336,0.6994133333333333
37,37D,Reference,Reference,Reference,0cm,70,8,10,210,413,80,1,0,1,426.06333333333333,88.66666666666667,19528.376666666667,20.929932408641097,25.22222222222222,6,60.333333333333336,0.6994133333333333
37,37E,Reference,Reference,Reference,50cm,50,1,2,76,253,50,1,0,1,256.3593333333333,101.33333333333333,16730.146666666667,20.929932408641097,25.22222222222222,6,60.333333333333336,0.6994133333333333
37,37E,Reference,Reference,Reference,25cm,50,1,2,76,253,50,1,0,1,328.192,115.5,22037.765,20.929932408641097,25.22222222222222,6,60.333333333333336,0.6994133333333333
37,37E,Reference,Reference,Reference,0cm,50,1,2,76,253,50,1,0,1,426.06333333333333,88.66666666666667,19528.376666666667,20.929932408641097,25.22222222222222,6,60.333333333333336,0.6994133333333333
37,37F,Reference,Reference,Reference,50cm,80,2,3,88,261,66.66666666666667,1,0,1,256.3593333333333,101.33333333333333,16730.146666666667,20.929932408641097,25.22222222222222,6,60.333333333333336,0.6994133333333333
37,37F,Reference,Reference,Reference,25cm,80,2,3,88,261,66.66666666666667,1,0,1,328.192,115.5,22037.765,20.929932408641097,25.22222222222222,6,60.333333333333336,0.6994133333333333
37,37F,Reference,Reference,Reference,0cm,80,2,3,88,261,66.66666666666667,1,0,1,426.06333333333333,88.66666666666667,19528.376666666667,20.929932408641097,25.22222222222222,6,60.333333333333336,0.6994133333333333
37,37I,Reference,Reference,Reference,50cm,70,0,2,56,239,0,1,0,1,256.3593333333333,101.33333333333333,16730.146666666667,20.929932408641097,25.22222222222222,6,60.333333333333336,0.6994133333333333
37,37I,Reference,Reference,Reference,25cm,70,0,2,56,239,0,1,0,1,328.192,115.5,22037.765,20.929932408641097,25.22222222222222,6,60.333333333333336,0.6994133333333333
37,37I,Reference,Reference,Reference,0cm,70,0,2,56,239,0,1,0,1,426.06333333333333,88.66666666666667,19528.376666666667,20.929932408641097,25.22222222222222,6,60.333333333333336,0.6994133333333333
37,37J,Reference,Reference,Reference,50cm,30,2,9,86,462,22.22222222222222,1,0,1,256.3593333333333,101.33333333333333,16730.146666666667,20.929932408641097,25.22222222222222,6,60.333333333333336,0.6994133333333333
37,37J,Reference,Reference,Reference,25cm,30,2,9,86,462,22.22222222222222,1,0,1,328.192,115.5,22037.765,20.929932408641097,25.22222222222222,6,60.333333333333336,0.6994133333333333
37,37J,Reference,Reference,Reference,0cm,30,2,9,86,462,22.22222222222222,1,0,1,426.06333333333333,88.66666666666667,19528.376666666667,20.929932408641097,25.22222222222222,6,60.333333333333336,0.6994133333333333
37,37N,Reference,Reference,Reference,50cm,50,0,2,90,139,0,1,0,1,256.3593333333333,101.33333333333333,16730.146666666667,20.929932408641097,25.22222222222222,6,60.333333333333336,0.6994133333333333
37,37N,Reference,Reference,Reference,25cm,50,0,2,90,139,0,1,0,1,328.192,115.5,22037.765,20.929932408641097,25.22222222222222,6,60.333333333333336,0.6994133333333333
37,37N,Reference,Reference,Reference,0cm,50,0,2,90,139,0,1,0,1,426.06333333333333,88.66666666666667,19528.376666666667,20.929932408641097,25.22222222222222,6,60.333333333333336,0.6994133333333333
37,37O,Reference,Reference,Reference,50cm,15,3,11,96,431,27.272727272727273,1,0,1,256.3593333333333,101.33333333333333,16730.146666666667,20.929932408641097,25.22222222222222,6,60.333333333333336,0.6994133333333333
37,37O,Reference,Reference,Reference,25cm,15,3,11,96,431,27.272727272727273,1,0,1,328.192,115.5,22037.765,20.929932408641097,25.22222222222222,6,60.333333333333336,0.6994133333333333
37,37O,Reference,Reference,Reference,0cm,15,3,11,96,431,27.272727272727273,1,0,1,426.06333333333333,88.66666666666667,19528.376666666667,20.929932408641097,25.22222222222222,6,60.333333333333336,0.6994133333333333
37,37R,Reference,Reference,Reference,50cm,20,0,1,76,200,0,1,0,1,256.3593333333333,101.33333333333333,16730.146666666667,20.929932408641097,25.22222222222222,6,60.333333333333336,0.6994133333333333
37,37R,Reference,Reference,Reference,25cm,20,0,1,76,200,0,1,0,1,328.192,115.5,22037.765,20.929932408641097,25.22222222222222,6,60.333333333333336,0.6994133333333333
37,37R,Reference,Reference,Reference,0cm,20,0,1,76,200,0,1,0,1,426.06333333333333,88.66666666666667,19528.376666666667,20.929932408641097,25.22222222222222,6,60.333333333333336,0.6994133333333333
38,38B,Drought + Invasion,Invasion,Drought,50cm,100,1,1,49,49,100,0,1,0,627.6213333333334,104,30186.203333333335,21.139168050035448,47.55555555555556,0.888888888888889,231,1.36576
38,38B,Drought + Invasion,Invasion,Drought,25cm,100,1,1,49,49,100,0,1,0,689.093,65.5,24048.89,21.139168050035448,47.55555555555556,0.888888888888889,231,1.36576
38,38B,Drought + Invasion,Invasion,Drought,0cm,100,1,1,49,49,100,0,1,0,667.0173333333333,130.66666666666666,40995.073333333334,21.139168050035448,47.55555555555556,0.888888888888889,231,1.36576
38,38Q,Drought + Invasion,Invasion,Drought,50cm,100,2,2,176,176,100,0,1,0,627.6213333333334,104,30186.203333333335,21.139168050035448,47.55555555555556,0.888888888888889,231,1.36576
38,38Q,Drought + Invasion,Invasion,Drought,25cm,100,2,2,176,176,100,0,1,0,689.093,65.5,24048.89,21.139168050035448,47.55555555555556,0.888888888888889,231,1.36576
38,38Q,Drought + Invasion,Invasion,Drought,0cm,100,2,2,176,176,100,0,1,0,667.0173333333333,130.66666666666666,40995.073333333334,21.139168050035448,47.55555555555556,0.888888888888889,231,1.36576
39,39B,Invasion,Invasion,Reference,50cm,50,5,16,235,482,31.25,1,0,1,471.41200000000003,91.33333333333333,23184.266666666666,13.35696547152491,33.88888888888889,2.5555555555555554,181.83333333333334,0.7437866666666666
39,39B,Invasion,Invasion,Reference,25cm,50,5,16,235,482,31.25,1,0,1,279.6906666666667,73,23850.84,13.35696547152491,33.88888888888889,2.5555555555555554,181.83333333333334,0.7437866666666666
39,39B,Invasion,Invasion,Reference,0cm,50,5,16,235,482,31.25,1,0,1,249.09533333333334,182,45160.19,13.35696547152491,33.88888888888889,2.5555555555555554,181.83333333333334,0.7437866666666666
39,39C,Invasion,Invasion,Reference,50cm,100,1,1,104,104,100,0,1,0,471.41200000000003,91.33333333333333,23184.266666666666,13.35696547152491,33.88888888888889,2.5555555555555554,181.83333333333334,0.7437866666666666
39,39C,Invasion,Invasion,Reference,25cm,100,1,1,104,104,100,0,1,0,279.6906666666667,73,23850.84,13.35696547152491,33.88888888888889,2.5555555555555554,181.83333333333334,0.7437866666666666
39,39C,Invasion,Invasion,Reference,0cm,100,1,1,104,104,100,0,1,0,249.09533333333334,182,45160.19,13.35696547152491,33.88888888888889,2.5555555555555554,181.83333333333334,0.7437866666666666
39,39F,Invasion,Invasion,Reference,50cm,80,10,16,185,469,62.5,1,0,1,471.41200000000003,91.33333333333333,23184.266666666666,13.35696547152491,33.88888888888889,2.5555555555555554,181.83333333333334,0.7437866666666666
39,39F,Invasion,Invasion,Reference,25cm,80,10,16,185,469,62.5,1,0,1,279.6906666666667,73,23850.84,13.35696547152491,33.88888888888889,2.5555555555555554,181.83333333333334,0.7437866666666666
39,39F,Invasion,Invasion,Reference,0cm,80,10,16,185,469,62.5,1,0,1,249.09533333333334,182,45160.19,13.35696547152491,33.88888888888889,2.5555555555555554,181.83333333333334,0.7437866666666666
39,39I,Invasion,Invasion,Reference,50cm,30,2,13,240,552,15.384615384615385,1,0,1,471.41200000000003,91.33333333333333,23184.266666666666,13.35696547152491,33.88888888888889,2.5555555555555554,181.83333333333334,0.7437866666666666
39,39I,Invasion,Invasion,Reference,25cm,30,2,13,240,552,15.384615384615385,1,0,1,279.6906666666667,73,23850.84,13.35696547152491,33.88888888888889,2.5555555555555554,181.83333333333334,0.7437866666666666
39,39I,Invasion,Invasion,Reference,0cm,30,2,13,240,552,15.384615384615385,1,0,1,249.09533333333334,182,45160.19,13.35696547152491,33.88888888888889,2.5555555555555554,181.83333333333334,0.7437866666666666
39,39P,Invasion,Invasion,Reference,50cm,30,7,16,175,560,43.75,1,0,1,471.41200000000003,91.33333333333333,23184.266666666666,13.35696547152491,33.88888888888889,2.5555555555555554,181.83333333333334,0.7437866666666666
39,39P,Invasion,Invasion,Reference,25cm,30,7,16,175,560,43.75,1,0,1,279.6906666666667,73,23850.84,13.35696547152491,33.88888888888889,2.5555555555555554,181.83333333333334,0.7437866666666666
39,39P,Invasion,Invasion,Reference,0cm,30,7,16,175,560,43.75,1,0,1,249.09533333333334,182,45160.19,13.35696547152491,33.88888888888889,2.5555555555555554,181.83333333333334,0.7437866666666666
39,39S,Invasion,Invasion,Reference,50cm,15,3,13,200,425,23.076923076923077,1,0,1,471.41200000000003,91.33333333333333,23184.266666666666,13.35696547152491,33.88888888888889,2.5555555555555554,181.83333333333334,0.7437866666666666
39,39S,Invasion,Invasion,Reference,25cm,15,3,13,200,425,23.076923076923077,1,0,1,279.6906666666667,73,23850.84,13.35696547152491,33.88888888888889,2.5555555555555554,181.83333333333334,0.7437866666666666
39,39S,Invasion,Invasion,Reference,0cm,15,3,13,200,425,23.076923076923077,1,0,1,249.09533333333334,182,45160.19,13.35696547152491,33.88888888888889,2.5555555555555554,181.83333333333334,0.7437866666666666
40,40E,Drought,Reference,Drought,50cm,15,0,26,47,625,0,1,0,1,202.83866666666665,39.333333333333336,6880.703333333333,20.12705721072963,21.22222222222222,2.666666666666667,26.833333333333332,0.5252266666666667
40,40E,Drought,Reference,Drought,25cm,15,0,26,47,625,0,1,0,1,444.92066666666665,112.33333333333333,26773.673333333336,20.12705721072963,21.22222222222222,2.666666666666667,26.833333333333332,0.5252266666666667
40,40E,Drought,Reference,Drought,0cm,15,0,26,47,625,0,1,0,1,377.66533333333336,116,25609.49,20.12705721072963,21.22222222222222,2.666666666666667,26.833333333333332,0.5252266666666667
